id,gender,age,field,race,country,romantic_goal,interestedin_sports,interestedin_tvsports,interestedin_exercise,interestedin_dining,interestedin_museums,interestedin_art,interestedin_hiking,interestedin_gaming,interestedin_clubbing,interestedin_reading,interestedin_tv,interestedin_theater,interestedin_movies,interestedin_concerts,interestedin_music,interestedin_shopping,interestedin_yoga,expect_happiness,preference_attractive,preference_sincere,preference_intelligent,preference_fun,preference_ambitious,preference_sharedhobbies
1-1,0,21,Law,Asian,US,0,0.9,0.2,0.8,0.9,0.1,0.1,0.5,0.1,0.5,0.6,0.9,0.1,1,1,0.9,0.8,0.1,0.3,0.15,0.2,0.2,0.15,0.15,0.15
10-10,0,26,Masters of Social Work&Education,European,US,0,0.9,0.9,0.9,0.7,0.6,0.6,0.7,0.1,0.7,0.8,0.5,0.6,0.7,0.7,0.8,0.7,0.7,0.7,0.15,0.15,0.15,0.4,0.1,0.05
100-7,1,30,Business,,Israel,0,0.5,0.4,0.6,0.7,0.6,0.6,0.2,0.2,0.4,0.6,0.5,0.7,0.7,0.3,0.7,0.6,0.2,0.5,0.2,0.25,0.25,0.15,0.05,0.1
101-8,1,22,financial math,,India,1,0.9,0.9,0.7,0.9,0.9,0.9,0.8,0.8,0.9,0.8,0.7,0.9,0.8,0.7,0.8,0.8,0.4,0.7,0.4,0.08,0.1,0.12,0.1,0.2
102-9,1,32,Chemistry,,Canada,0,0.9,0.9,0.9,0.9,0.4,0.4,0.7,0.2,0.5,0.5,0.4,0.4,0.9,0.3,0.5,0.5,0.2,0.6,0.3,0.1,0.3,0.2,0.1,0
103-10,1,26,Business- MBA,,US,0,0.8,0.7,0.8,0.8,0.6,0.4,0.8,0.5,0.8,0.8,0.8,0.5,0.8,0.8,0.8,0.6,0.3,0.6,0.4,0.05,0.2,0.1,0.1,0.15
104-11,1,27,chemistry,,US,0,0.8,0.3,0.8,0.9,0.8,0.8,0.9,0.5,0.8,0.7,0.3,0.8,0.7,0.6,0.8,0.3,0.7,0.8,0.2,0.15,0.25,0.15,0.2,0.05
105-12,1,25,law,,US,0,0.9,0.9,0.6,0.8,0.5,0.5,0.3,0.4,0.7,0.8,0.6,0.6,0.7,0.4,0.7,0.5,0.5,0.5,0.3,0.15,0.2,0.2,0,0.05
106-13,1,22,Law,,US,0,0.2,0.4,0.2,0.9,0.6,0.5,0.4,0.9,0.2,0.9,0.8,0.7,0.9,0.2,0.8,0.5,0.3,0.5,0.1,0.2,0.35,0.1,0.05,0.2
107-14,1,21,Religion,,US,0,0.7,0.2,0.4,0.7,0.6,0.7,0.8,0.1,0.7,0.7,0.1,0.5,0.7,0.9,0.9,0.1,1,0.6,0.19,0.24,0.21,0.23,0.05,0.08
108-15,1,24,Electrical Engineering,,Spain,0,0.7,0.3,0.4,0.5,0.6,0.7,0.3,0.2,0.5,0.7,0.3,0.7,0.7,0.4,0.6,0.2,0.2,0.5,0.1,0.2,0.35,0.2,0,0.15
109-16,1,25,Film,,Hong Kong,0,0.2,0.1,0.2,1,1,1,0.1,0.2,0.2,1,0.5,0.7,1,1,1,0.5,0.3,0.5,0.15,0.1,0.3,0.1,0.05,0.3
11-1,1,27,Finance,European,US,0,0.8,0.7,0.2,0.6,0.7,0.5,0.5,0.5,0.4,0.9,0.2,0.4,0.8,0.7,0.8,0.5,0.1,0.7,0.35,0.2,0.2,0.2,0,0.05
110-17,1,28,Film,,US,0,0.4,0.3,0.8,0.7,0.7,0.9,0.8,0.2,0.3,0.7,0.5,0.7,0.9,0.7,0.8,0.3,0.6,0.6,0.2,0.2,0.15,0.15,0.05,0.25
111-18,1,27,Business,,Philippines,0,0.9,0.9,0.7,0.9,1,0.9,0.9,0.1,0.5,0.9,0.5,0.8,0.9,0.8,0.5,0.3,0.5,0.9,0.2,0.2,0.2,0.2,0.1,0.1
112-1,0,20,Sociology,,US,0,0.8,0.3,0.8,0.5,0.7,0.8,0.8,0.8,0.9,0.9,0.3,0.8,0.8,0.9,1,0.4,0.6,0.4,0.15,0.15,0.2,0.25,0.1,0.15
113-2,0,21,Economics,,US,0,0.5,0.3,0.7,1,0.9,0.8,0.7,0.2,0.6,0.8,0.7,1,1,0.9,1,1,0.7,0.7,0.15,0.15,0.25,0.25,0.15,0.05
114-3,0,20,"Economics, English",,US,0,0.6,0.8,0.3,0.4,0.4,0.3,0.5,0.2,0.6,0.8,0.7,0.6,0.7,0.6,0.9,0.2,0.2,0.6,0.2,0.2,0.2,0.2,0.1,0.1
115-4,0,21,psychology,,US,0,0.2,0.2,0.8,0.7,0.3,0.3,0.1,0.1,0.8,1,0.2,0.2,0.6,0.4,0.7,0.8,0.1,0.3,0.2,0.1,0.3,0.2,0.15,0.05
116-5,0,21,political science,,France,0,0.5,0.4,0.3,1,1,1,0.6,0.4,0.8,1,1,1,1,1,1,1,0.8,0.7,0.15,0.15,0.25,0.25,0.2,0
117-6,0,21,"Economics, Sociology",,US,0,0.6,0.8,0.6,0.9,0.8,0.6,0.3,0.5,0.8,0.8,0.5,0.6,0.5,0.6,0.5,0.9,0.3,0.6,0.2,0.1,0.2,0.2,0.2,0.1
119-10,0,19,Polish,,Puerto Rico,0,0.8,0.5,0.8,0.9,0.9,0.9,0.5,0.8,1,0.9,0.5,1,0.9,1,1,0.7,0.8,0.4,0.5,0.15,0.1,0.1,0.1,0.05
12-2,1,22,Law,European,England,0,0.9,0.7,0.9,0.8,0.7,0.6,0.3,0.3,0.5,0.6,0.6,0.4,0.7,0.7,0.9,0.5,0.5,0.7,0.6,0,0,0.4,0,0
120-11,0,20,English,,US,0,0.5,0.4,0.4,0.8,0.7,0.5,0.3,0.1,0.5,1,0.6,1,0.9,0.6,0.8,0.3,0.5,0.3,0.1,0.1,0.35,0.35,0.08,0.02
121-12,0,21,psychology and english,,US,0,0.2,0.2,0.6,1,0.6,1,0.6,0.4,0.7,0.7,0.8,1,1,1,1,1,0.4,0.2,0.35,0.15,0.05,0.3,0.15,0
122-1,1,22,Law,,US,0,0.7,0.9,0.7,0.9,0.7,0.6,0.5,0.6,0.6,0.6,0.8,0.7,0.8,0.8,0.8,0.5,0.4,0.6,0.4,0.15,0.1,0.2,0.05,0.1
123-2,1,18,Biomedical Engineering,,US,0,0.9,0.9,0.8,0.8,0.3,0.2,0.5,0.5,0.6,0.2,0.7,0.2,0.7,0.7,0.7,0.7,0.5,0.5,0.5,0.1,0.2,0.05,0.05,0.1
124-3,1,22,Economics and Political Science,,US,0,0.5,0.5,0.8,1,0.8,0.8,0.6,0.5,0.8,0.8,0.6,0.9,0.9,0.9,0.8,0.8,0.7,0.6,0.4,0.1,0.1,0.1,0.1,0.2
125-4,1,21,Art History/medicine,,US,0,0.3,0.1,0.9,1,0.9,1,0.1,0.1,1,0.9,0.2,0.9,0.9,0.9,0.9,1,0.7,0.6,0.2,0.15,0.2,0.15,0.12,0.18
126-5,1,22,philosophy,,US,1,1,0.8,0.7,0.8,0.8,0.7,0.5,0.2,0.7,1,0.5,0.8,0.8,0.9,1,0.6,0.7,0.6,0.25,0.4,0.15,0.1,0.05,0.05
127-6,1,22,Mechanical Engineering,,US,0,1,0.8,0.8,0.8,0.5,0.3,0.5,0.5,0.6,0.1,0.7,0.1,0.5,0.8,0.7,0.5,1,0.1,0.25,0.25,0.25,0.15,0.05,0.05
128-7,1,21,Engineering,,US,0,0.8,0.7,0.7,0.6,0.4,0.4,0.8,0.7,0.3,0.5,0.3,0.4,0.8,1,1,0.2,0.2,0.5,0.4,0.15,0.1,0.2,0.1,0.05
129-8,1,,Economics,,US,1,0.7,0.4,0.7,0.9,0.4,0.5,0.9,0.2,0.6,0.9,0.4,0.4,0.7,0.6,0.6,0.4,0.6,1,0.4,0.2,0.2,0.2,0,0
13-3,1,22,Law,Asian,US,0,0.7,0.8,0.2,0.9,0.5,0.6,0.4,0.7,0.7,0.6,0.8,1,0.8,0.9,0.9,0.8,0.1,0.3,0.19,0.18,0.19,0.18,0.14,0.12
130-9,1,20,Engineering,,India,0,0.7,0.4,0.9,0.8,0.3,0.2,0.7,0.5,0.7,0.6,0.2,0.1,0.2,0.2,0.9,0.6,0.2,0.6,0.8,0.1,0.1,0,0,0
131-10,1,19,Computer Science,,US,0,0.5,0.1,0.5,0.5,0.5,0.5,0.3,0.6,0.4,0.8,0.7,0.6,0.8,0.7,0.6,0.5,0.3,0.5,0.25,0.1,0.2,0.2,0.1,0.15
132-1,0,27,Finance,,US,0,0.7,0.2,1,0.5,0.7,0.7,0.9,0.1,0.1,0.5,0.9,0.5,1,0.3,1,0.1,1,0.5,0.1667,0.1667,0.1667,0.1667,0.1667,0.1667
133-2,0,24,electrical engineering,,China,0,0.8,0.7,0.6,0.7,1,0.8,1,0.4,0.3,0.6,0.4,0.8,0.7,1,0.9,0.7,0.6,0.5,0.1277,0.1915,0.1702,0.1702,0.1489,0.1915
134-3,0,23,marine geophysics,,US,0,0.7,0.4,0.4,0.8,0.9,0.6,0.7,0.8,0.6,0.8,0.5,0.9,0.5,0.7,0.8,0.8,0.8,0.8,0.0667,0.2,0.2,0.1778,0.2,0.1556
135-5,0,26,theory,,Bulgaria,0,0.3,0.1,0.1,0.1,0.9,0.9,1,0.1,0.7,0.7,0.1,0.8,0.7,1,1,0.2,0.9,0.6,0.1818,0.2273,0.1818,0.1364,0.1364,0.1364
136-6,0,,,,US,0,0,0,0,0,0,0,0,0,0,0,0,0,0,0,0,0,0,0,0,0,0,0,0,0
137-1,1,26,Business,,US,0,0.6,0.1,0.8,0.8,0.4,0.4,0.1,0.5,0.7,0.4,0.7,0.1,0.9,0.9,1,0.8,0.3,0.7,0.1739,0.1739,0.1522,0.1739,0.1304,0.1957
138-2,1,32,MBA,,US,0,0.7,0.2,0.9,0.8,0.6,0.6,0.1,0.7,0.7,0.9,0.9,0.4,0.9,0.2,0.9,0.6,0.2,0.6,0.2,0.2,0.2,0.2,0.0667,0.1333
139-4,1,37,engineering,,China,0,0.7,0.5,0.8,1,0.9,0.9,0.6,0.5,0.6,1,0.8,0.7,1,0.8,0.9,0.7,0.8,0.8,0.1875,0.1667,0.1875,0.2083,0.125,0.125
14-4,1,23,Law,European,US,0,1,0.6,0.8,0.8,0.3,0.3,1,0.8,0.8,0.6,0.7,0.3,1,0.6,0.8,0.6,0.1,0.8,0.3,0.05,0.15,0.4,0.05,0.05
140-6,1,29,MBA,,England,0,0.8,0.6,0.8,0.9,0.5,0.5,0.5,0.5,0.7,0.9,0.6,0.7,0.6,0.4,0.5,0.4,0.3,0.6,0.186,0.1628,0.186,0.186,0.1163,0.1628
141-10,1,28,MBA,,Colombia,0,1,1,0.3,0.9,0.5,0.5,0.7,0.5,0.7,0.3,0.8,0.9,1,0.8,0.9,0.6,0.6,0.4,0.2083,0.2083,0.1667,0.1667,0.0625,0.1875
142-1,0,24,political science,,US,0,0.5,0.6,0.6,0.6,0.5,0.5,0.6,1.4,0.7,0.6,0.6,0.6,0.6,0.6,0.8,0.6,0.6,0.7,0.1429,0.1429,0.2143,0.2143,0.1905,0.0952
143-2,0,33,Law,,US,0,0.4,0.5,0.6,0.8,0.9,0.9,0.6,0.4,0.8,0.9,0.5,0.7,0.7,0.7,0.7,0.6,0.4,0.6,0.0833,0.2083,0.2083,0.1458,0.1667,0.1875
144-3,0,23,Nutrition/Genetics,,US,0,1,0.7,0.9,0.6,0.6,0.6,0.4,0.3,0.7,0.7,0.5,0.4,0.7,0.9,0.8,0.7,0.4,0.5,0.16,0.16,0.16,0.18,0.18,0.16
145-4,0,24,Neuroscience,,US,0,0.2,0.1,0.2,0.9,0.9,0.5,0.2,0.2,0.1,0.8,1,1,1,0.5,0.8,0.9,0.2,0.5,0.1136,0.1818,0.2273,0.1818,0.1136,0.1818
146-5,0,36,Comparative Literature,,US,1,0.5,0.2,0.5,0.5,0.8,0.8,0.3,0.1,0.3,1,0.8,0.8,0.8,0.5,0.8,0.8,0.3,0.5,0.1818,0.1818,0.1818,0.1818,0.1364,0.1364
147-6,0,26,Business,,US,0,0.8,0.7,0.8,0.9,0.9,0.9,0.5,0.2,0.8,1,0.8,0.9,0.8,0.6,0.6,0.7,1,0.5,0.18,0.18,0.2,0.18,0.16,0.1
148-7,0,27,Business,,US,0,0.7,0.4,0.6,0.9,0.9,0.9,0.5,0.2,0.1,1,1,0.9,0.9,0.5,0.7,0.9,0.7,0.5,0.1509,0.1698,0.1698,0.1887,0.1887,0.1321
149-8,0,28,International Relations,,US,0,0.8,0.4,0.5,0.8,0.8,0.8,0.8,0.3,0.6,0.6,0.6,0.5,0.8,0.7,1,0.9,0.8,0.4,0.0851,0.1915,0.1915,0.1915,0.1915,0.1489
15-5,1,24,Law,Latino,US,0,0.9,0.7,0.9,0.7,0.4,0.3,0.6,0.7,0.9,0.8,0.6,0.9,0.9,0.6,0.7,0.2,0.1,0.5,0.3,0.1,0.2,0.1,0.1,0.2
150-9,0,31,History of Religion,,US,1,0.5,0.1,0.3,0.5,0.3,0.3,0.9,0.1,0.5,0.7,0.1,0.1,0.7,0.5,0.4,0.2,1,0.5,0.12,0.2,0.2,0.2,0.14,0.14
151-10,0,28,international affairs - economic development,,Canada,1,0.5,0.1,0.8,1,0.9,0.8,0.8,0.4,0.1,0.8,0.1,0.9,0.8,0.9,1,0.7,0.7,0.3,0.1455,0.1636,0.1818,0.1818,0.1636,0.1636
152-11,0,27,Political Science,,China,0,0.4,0.1,0.4,0.8,0.9,0.8,0.5,0.5,0.7,1,0.5,0.9,1,0.9,0.9,0.7,0.1,0.5,0.14,0.2,0.2,0.14,0.18,0.14
153-12,0,28,Modern Chinese Literature,,China,0,0.8,0.5,0.7,0.7,0.7,0.6,0.6,0.5,0.7,1,0.6,0.7,0.9,0.7,0.7,0.8,0.5,0.6,0.0976,0.1951,0.1951,0.1463,0.1951,0.1707
154-13,0,27,MBA,,US,0,1,0.7,0.8,0.8,0.6,0.6,0.6,0.1,0.6,0.8,0.7,0.7,0.8,0.6,0.6,0.3,0.2,0.7,0.1538,0.1731,0.1731,0.1731,0.1731,0.1538
155-14,0,27,business,,US,0,0.2,0.1,1,1,0.7,0.8,0.5,0.1,0.1,1,0.4,1,0.9,0.5,0.7,0.7,0.4,0.3,0.1509,0.1887,0.1887,0.1698,0.1698,0.1321
156-15,0,30,Business,,US,0,0.3,0.7,1,1,1,1,0.8,0.7,0.9,1,1,1,1,1,1,0.7,0.8,0.6,0.14,0.18,0.16,0.18,0.18,0.16
157-16,0,28,"Business, marketing",,US,0,0.8,0.7,0.8,0.8,0.6,0.6,0.9,0.2,0.9,0.7,0.4,0.6,0.7,0.5,0.6,0.6,0.3,0.4,0.1429,0.1633,0.1633,0.1837,0.1837,0.1633
158-1,1,23,physics (astrophysics),,US,1,0.2,0.4,0.4,0.6,0.7,0.4,0.7,0.7,0.6,0.8,0.6,0.5,0.8,0.4,0.9,0.5,0.1,0.7,0.1905,0.1905,0.1905,0.1905,0.0952,0.1429
159-2,1,28,Physics,,Greece,0,0.7,0.7,0.6,0.9,0.9,0.8,0.6,0.4,0.5,0.8,0.7,0.7,0.9,0.8,0.9,0.7,0.2,0.6,0.1591,0.2045,0.2045,0.2045,0.1136,0.1136
16-6,1,25,Business,European,Italy,0,0.7,0.2,0.6,0.7,0.7,0.7,0.5,0.5,0.5,0.8,0.3,0.7,0.8,0.7,0.8,0.6,0.1,0.7,0.5,0,0.3,0.1,0,0.1
160-3,1,29,Business/ Finance/ Real Estate,,US,0,0.9,0.8,1,0.6,0.6,0.4,0.3,0.4,0.8,0.6,0.3,0.7,0.9,0.6,0.9,0.3,0.2,0.6,0.16,0.18,0.18,0.18,0.14,0.16
161-4,1,22,Biochemistry,,US,0,0.9,0.9,0.9,0.8,0.7,0.6,0.7,0.7,0.9,0.9,0.8,0.6,0.8,0.6,0.9,0.6,0.2,0.7,0.1667,0.1875,0.1875,0.1875,0.1875,0.0833
162-5,1,27,Biochemistry,,Canada,0,0.3,0.3,0.3,0.8,0.7,0.7,0.6,0.2,0.8,0.5,0.4,0.3,0.9,1,1,0.7,0.3,0.4,0.1522,0.1522,0.1957,0.1739,0.1304,0.1957
163-6,1,26,Art Education,,US,1,0.6,0.2,0.2,0.4,0.8,0.8,0.4,0.1,0.1,0.8,0.1,0.6,0.6,0.4,0.6,0.2,0.1,0.2,0.12,0.2,0.2,0.2,0.16,0.12
164-7,1,27,Philosophy,,US,0,0.7,0.5,0.5,0.6,0.7,0.7,0.7,0.1,0.3,0.7,0.2,0.5,0.6,0.4,0.6,0.2,0.2,0.5,0.2051,0.2308,0.2051,0.1795,0.0256,0.1538
165-8,1,30,American Studies (Masters),,US,1,0.3,0.1,0.6,0.6,0.7,0.7,0.2,0.1,0.1,1,0.8,0.8,0.8,0.5,0.5,0.2,0.2,0.6,0.1667,0.125,0.2083,0.1875,0.125,0.1875
166-9,1,26,Business,,US,0,0.5,0.5,0.9,0.4,0.4,0.2,0.5,0.1,0.3,0.9,0.1,0.5,0.8,0.7,1,0.1,0.7,0.6,0.2778,0.1944,0.1944,0.2778,0.0278,0.0278
167-10,1,23,biology,,US,0,0.9,0.9,0.8,0.6,0.8,0.8,0.9,0.2,0.5,0.6,0.5,0.6,0.8,0.6,0.7,0.3,0.2,0.3,0.186,0.1395,0.186,0.1628,0.1628,0.1628
168-11,1,23,Cell Biology,,US,0,0.5,0.5,0.3,0.5,0.5,0.5,0.5,0.3,0.3,0.5,0.3,0.5,0.5,0.5,0.3,0.3,0.3,0.5,0.1111,0.1778,0.1778,0.1778,0.1778,0.1778
169-12,1,28,Microbiology,,US,0,1,0.7,0.8,0.9,0.9,0.7,0.7,0.1,0.6,0.4,0.2,0.7,0.6,0.8,0.8,0.4,0.4,0.6,0.1778,0.2,0.1778,0.1556,0.1556,0.1333
17-7,1,30,political science,European,US,1,0.8,0.2,0.9,0.7,0.7,0.5,0.4,0.2,0.6,0.4,0.2,0.7,0.9,0.7,0.7,0.2,0.2,0.4,0.35,0.15,0.25,0.1,0.05,0.1
170-13,1,28,Biochemistry,,India,0,0.2,0.1,0.8,0.8,0.8,0.8,0.5,0.3,0.1,0.9,0.8,0.7,0.8,0.6,0.8,0.4,0.5,0.6,0.1628,0.2093,0.186,0.186,0.1395,0.1163
171-14,1,29,Finance,,France,0,0.8,0.2,0.8,0.8,0.5,0.5,0.5,0.2,0.8,0.9,0.6,0.6,0.9,0.4,0.9,0.7,0.1,0.8,0.1957,0.1087,0.1957,0.1957,0.1957,0.1087
172-15,1,27,Business,,England,0,0.7,0.8,0.7,0.8,0.4,0.5,0.5,0.6,0.8,0.7,0.4,0.6,0.8,0.8,0.7,0.6,0.3,0.5,0.1778,0.1778,0.2222,0.2,0.1556,0.0667
173-16,1,22,math,,US,0,1,0.8,0.9,0.6,0.5,0.6,0.7,0.4,0.8,0.7,0.4,0.5,0.6,0.9,1,0.3,0.6,0.3,0.1837,0.1837,0.2041,0.2041,0.1633,0.0612
174-1,0,29,International Affairs/Finance,,US,1,0.5,0.4,0.6,0.6,0.8,0.8,0.4,0.4,0.6,0.8,0.4,0.6,0.5,0.9,0.9,0.6,0.5,0.5,0.0952,0.2381,0.1667,0.1667,0.1667,0.1667
175-2,0,23,International Affairs,,US,0,0.8,0.2,0.6,0.8,0.7,0.7,0.3,0.3,0.6,0.6,0.5,0.6,0.5,0.6,0.9,0.5,0.3,0.7,0.1224,0.2041,0.1633,0.1429,0.2041,0.1633
176-3,0,28,MBA,,US,0,0.7,0.6,0.5,1,1,0.9,0.7,0.4,0.4,0.5,0.5,0.8,0.8,0.8,0.8,0.6,0.3,0.7,0.1304,0.2174,0.1957,0.1739,0.1522,0.1304
177-4,0,22,international affairs/international finance,,US,0,0.5,0.9,0.6,0.8,0.6,0.4,0.2,0.3,0.7,0.9,0.7,0.6,0.7,0.3,0.4,0.5,0.1,0.6,0.1509,0.1698,0.1698,0.1698,0.1887,0.1509
178-5,0,35,Health policy,,US,0,0.3,0.4,0.7,0.9,0.8,0.8,0.8,0.2,0.9,0.8,0.8,0.8,0.8,0.8,0.9,0.6,0.8,0.5,0.1522,0.1739,0.1739,0.1739,0.1522,0.1739
179-6,0,30,English and Comp Lit,,US,0,0.5,0.5,1,1,0.7,0.7,0.5,0.1,0.7,1,0.1,0.8,0.8,0.7,0.9,1,0.9,0.2,0.1915,0.2128,0.1702,0.1702,0.1277,0.1277
18-8,1,27,Business,European,US,0,0.5,0.5,0.5,0.9,0.4,0.3,0.4,0.4,0.2,0.6,0.9,0.3,0.9,0.3,0.6,0.2,0.1,0.5,0.3333,0.1111,0.1111,0.1111,0.1111,0.2222
180-7,0,24,international finance and business,,China,0,0.7,0.7,0.5,0.9,0.5,0.5,0.8,0.5,0.9,0.6,0.7,0.9,0.9,0.7,0.8,0.9,0.7,0.6,0.1538,0.1731,0.1731,0.1923,0.1346,0.1731
181-8,0,22,Sociomedical Sciences- School of Public Health,,US,0,0.3,0.6,0.5,0.9,0.9,0.9,0.6,0.3,0.9,0.9,0.9,0.9,0.9,0.9,0.9,0.9,0.6,0.4,0.1538,0.1923,0.1923,0.1731,0.1731,0.1154
182-9,0,22,Epidemiology,,US,0,0.5,0.6,0.2,0.8,0.3,0.2,0.1,0.4,0.1,0.7,0.8,0.2,0.6,0.4,1,0.8,0.1,0.6,0.1607,0.1786,0.1786,0.1786,0.1786,0.125
183-10,0,24,Social work,,Uzbekistan,0,0.9,0.6,0.8,0.9,0.8,0.8,0.9,0.9,0.9,0.7,0.8,0.8,0.9,0.9,1,0.8,0.1,0.5,0.2,0.225,0.175,0.225,0.1,0.075
184-1,1,34,International Business,,US,0,0.5,0.2,0.4,0.8,0.8,0.7,0.8,0.3,0.8,0.8,0.3,0.9,0.8,0.5,0.6,0.2,0.8,0.9,0.1667,0.1667,0.1667,0.1667,0.1667,0.1667
185-2,1,25,Statistics,,US,0,0.8,0.7,0.8,0.8,0.8,0.9,0.6,0.7,0.8,0.9,0.9,0.9,0.9,0.8,0.9,0.9,0.9,0.6,0.1698,0.1509,0.1698,0.1698,0.1887,0.1509
186-3,1,24,Medical Informatics,,US,0,0.5,0.1,0.4,0.9,0.5,0.3,0.6,0.1,0.1,0.6,0.7,0.4,0.7,0.8,0.8,0.6,0.3,0.7,0.1944,0.1944,0.2222,0.1667,0.1111,0.1111
187-4,1,26,"International Finance, Economic Policy",,US,0,0.3,0.5,1,0.5,1,1,0.1,0.2,0.1,1,0.5,0.8,0.8,1,1,0.1,0.1,0.6,0.1698,0.1698,0.1887,0.1698,0.1321,0.1698
188-5,1,21,electrical engineering,,US,0,0.2,0.1,0.5,1,0.8,0.8,0.5,0.7,0.5,0.7,0.3,0.5,0.5,0.5,0.7,0.7,0.3,0.6,0.1556,0.1111,0.2222,0.1556,0.2,0.1556
189-6,1,27,Law and Social Work,,Uruguay,0,0.8,0.7,0.8,0.5,0.7,0.7,0.7,0.7,0.7,0.9,0.5,0.7,0.9,0.7,0.8,0.4,0.7,0.5,0.1698,0.1698,0.1698,0.1698,0.1698,0.1509
19-9,1,28,money,European,US,1,1,1,1,1,0.5,0.5,0.6,0.7,0.9,0.8,0.1,0.1,0.7,0.7,0.7,0.7,1,1,0.5,0,0.25,0.1,0,0.15
190-7,1,25,International Development,,Azerbaijan,0,0.7,0.7,0.8,0.3,0.2,0.2,0.6,0.5,0.9,0.8,0.2,0.4,0.7,0.9,1,0.3,0.1,0.8,0.1556,0.2,0.2,0.2,0.1333,0.1111
191-8,1,28,Business,,US,0,0.8,0.1,0.7,0.8,0.6,0.6,0.6,0.1,0.8,0.7,0.3,0.4,0.8,0.4,0.7,0.1,0.7,0.4,0.2045,0.2045,0.2045,0.1818,0.1818,0.0227
192-9,1,24,Business/Law,,US,0,0.7,0.5,0.7,0.7,0.3,0.2,0.6,0.8,0.7,0.9,0.6,0.3,0.6,0.7,0.8,0.4,0.5,0.4,0.1957,0.1957,0.1522,0.1739,0.1522,0.1304
193-10,1,25,law,,US,0,0.8,1,0.7,0.9,0.9,0.8,0.1,0.1,0.4,1,1,1,1,0.9,0.9,0.9,0.5,0.4,0.2093,0.1628,0.2326,0.1628,0.1163,0.1163
194-1,0,24,Clinical Psychology,,US,1,0.8,0.6,0.6,0.9,0.6,0.6,0.4,0.8,0.7,0.9,0.9,0.6,0.9,0.5,0.7,0.9,0.4,0.7,0.16,0.16,0.2,0.16,0.18,0.14
195-2,0,27,microbiology,,US,0,0.7,0.6,0.9,0.8,0.5,0.5,0.9,0.9,0.8,1,0.1,0.3,0.4,0.3,0.6,0.5,0.1,0.8,0.1538,0.1923,0.1923,0.1923,0.1346,0.1346
196-3,0,25,"Religion, GSAS",,China,0,0.3,0.3,0.6,0.7,0.7,0.7,0.8,0.6,0.8,0.6,0.8,0.9,0.9,0.9,0.9,0.7,0.9,0.6,0.1765,0.1765,0.1765,0.1569,0.1569,0.1569
197-4,0,24,International Affairs and Public Health,,US,0,0.6,0.1,0.4,1,0.8,0.8,0.4,0.7,0.5,0.9,0.6,0.5,1,0.8,1,0.7,0.3,0.3,0.14,0.18,0.2,0.18,0.16,0.14
198-5,0,23,International affairs,,China,0,0.6,0.8,0.6,0.9,0.8,0.8,0.9,0.5,0.7,0.4,0.9,0.9,0.9,0.9,0.9,1,0.4,0.6,0.1538,0.1923,0.1731,0.1923,0.0962,0.1923
199-6,0,30,History,,US,1,0.8,0.3,1,1,1,1,0.1,0.1,0.7,1,0.4,0.7,0.8,0.3,0.5,0.7,0.1,0.4,0.175,0.175,0.2,0.125,0.2,0.125
2-2,0,24,law,European,US,0,0.3,0.2,0.7,1,0.8,0.6,0.3,0.5,0.8,1,0.1,0.9,0.8,0.7,0.8,0.3,0.1,0.4,0.45,0.05,0.25,0.2,0,0.05
20-10,1,24,Finance,European,US,0,1,1,1,1,0.9,0.9,0.4,1,1,0.8,0.3,0.8,0.8,0.6,0.6,0.5,1,0.6,1,0,0,0,0,0
200-7,0,25,Business and International Affairs (MBA/MIA Dual Degree),,US,0,1,0.3,0.9,0.8,0.7,0.7,1,0.3,0.6,0.8,0.1,0.8,0.8,0.9,1,0.3,0.4,0.5,0.1321,0.1887,0.1887,0.1698,0.1698,0.1509
201-8,0,25,QMSS,,US,0,0.8,0.8,0.8,0.8,0.7,0.7,0.7,0.8,0.7,0.7,0.7,0.7,0.7,0.7,0.7,0.7,0.6,0.2,0.1538,0.1731,0.1731,0.1731,0.1731,0.1538
202-9,0,22,Mathematics,,US,0,0.8,0.8,0.9,0.7,0.6,0.4,0.4,0.1,0.6,0.8,0.7,0.7,0.9,0.6,0.7,0.7,0.1,0.3,0.1538,0.1923,0.1923,0.1923,0.1538,0.1154
203-10,0,22,Mathematics,,US,0,0.3,0.1,0.8,0.6,0.4,0.2,0.2,0.1,0.6,0.7,1,0.6,0.8,0.3,0.7,0.9,0.2,0.3,0.16,0.2,0.18,0.2,0.18,0.08
204-11,0,26,business,,US,1,1,0.5,0.9,0.9,1,1,0.3,0.1,0.9,0.8,0.4,0.5,0.5,0.3,0.8,1,0.7,0.4,0.1961,0.1569,0.1765,0.1569,0.1765,0.1373
205-12,0,23,climate change,,England,0,0.8,0.2,0.6,0.8,0.6,0.6,0.7,0.2,0.6,0.9,0.3,0.3,0.8,0.5,0.6,0.3,0.5,0.5,0.1538,0.1731,0.1923,0.1923,0.1154,0.1731
206-13,0,31,Public Administration,,Cameroon,0,0.5,0.5,0.5,0.9,0.7,0.7,0.7,0.7,0.9,0.9,0.5,0.7,0.7,0.7,0.9,0.5,0.7,0.6,0.1458,0.1667,0.2083,0.1875,0.1667,0.125
207-14,0,23,MA Biotechnology,,US,0,1,0.8,0.8,0.7,0.5,0.5,0.2,0.3,0.4,0.3,0.7,0.7,0.6,0.5,0.7,0.9,0.6,0.6,0.1731,0.1346,0.1731,0.1923,0.1923,0.1346
208-15,0,25,MA Biotechnology,,US,0,0.9,0.7,0.7,0.9,1,1,1,0.5,0.8,0.8,0.5,0.7,0.9,1,1,0.9,0.8,0.5,0.1154,0.1346,0.1923,0.1923,0.1923,0.1731
209-16,0,28,International Affairs/Business,,US,1,0.3,0.2,0.6,0.8,0.5,0.5,0.6,0.8,0.8,0.3,0.6,0.7,0.8,0.7,1,0.3,0.3,0.7,0.1304,0.2174,0.1739,0.1739,0.1522,0.1522
21-1,0,21,Operations Research,Asian,US,0,1,0.8,1,0.5,0.5,0.5,0.2,0.1,0.3,0.7,1,0.4,0.7,0.4,0.8,0.5,0.2,0.5,0.12,0.18,0.2,0.16,0.16,0.18
210-17,0,29,Ecology,,US,0,0.9,0.3,0.9,0.8,0.9,0.9,0.9,0.1,0.2,0.9,0.5,0.7,0.7,0.7,0.7,0.5,0.1,0.5,0.2,0.1556,0.2,0.1556,0.1111,0.1778
211-18,0,28,International Affairs,,Bulgaria,0,0.9,0.8,0.9,1,0.9,0.9,0.5,0.8,0.1,0.9,0.9,1,1,0.9,0.7,1,0.7,0.5,0.1636,0.1636,0.1818,0.1818,0.1636,0.1455
212-19,0,27,Master in Public Administration,,US,0,0.8,0.5,0.8,0.8,0.8,0.8,0.8,0.6,0.9,0.8,0.8,0.8,0.8,0.6,0.7,0.8,0.3,0.5,0.1429,0.1837,0.1837,0.1633,0.1837,0.1429
213-20,0,25,International Affairs,,US,0,0.8,0.7,0.9,0.8,0.8,0.7,0.6,0.7,0.7,0.8,0.7,1,1,0.8,0.9,0.8,0.5,0.7,0.1552,0.1724,0.1724,0.1724,0.1724,0.1552
214-1,1,23,Computational Biochemsistry,,US,0,0.9,0.3,1,0.8,0.6,0.7,0.7,0.4,0.7,0.3,0.1,0.9,0.6,0.4,0.6,0.7,0.1,0.6,0.1702,0.2128,0.1702,0.2128,0.1489,0.0851
215-2,1,26,MBA,,US,0,0.8,0.6,0.9,0.9,0.6,0.4,0.2,0.7,0.6,0.9,0.5,0.2,0.9,0.2,0.7,0.9,0.2,0.7,0.1489,0.1915,0.2128,0.1915,0.1489,0.1064
216-3,1,27,MBA,,US,0,0.2,0.1,0.2,0.7,0.7,0.5,0.3,0.5,0.1,1.3,0.6,0.6,0.7,0.6,0.5,0.2,0.1,0.6,0.075,0.175,0.2,0.225,0.125,0.2
217-4,1,26,Neurobiology,,US,0,0.1,0.2,0.8,0.7,0.8,0.8,1,0.1,0.2,1,0.4,0.8,0.6,1,1,0.1,0.7,0.3,0.2128,0.1702,0.2128,0.1277,0.0638,0.2128
218-5,1,24,Physics,,Russia,0,0.9,0.3,0.5,0.7,0.9,1,0.7,0.3,0.7,0.5,0.1,0.5,0.7,0.8,0.8,0.6,0.1,0.3,0.2051,0.0513,0.2308,0.1282,0.1795,0.2051
219-6,1,26,Business,,Spain,0,0.8,0.2,0.7,0.7,0.7,0.8,0.3,0.3,0.6,0.7,0.2,0.6,0.7,0.7,1,0.3,1,0.7,0.1628,0.1628,0.186,0.1628,0.1628,0.1628
22-2,0,27,TC (Health Ed),Black,US,0,0.1,0.2,0.2,0.8,0.8,0.8,0.1,0.2,0.6,0.8,0.8,0.8,0.9,0.7,0.7,0.8,0.8,0.4,0.2,0.2,0.2,0.1,0.1,0.2
220-7,1,25,International Affairs,,US,0,0.9,0.9,0.5,1,0.9,1,1,0.6,0.8,1,0.2,0.5,0.5,0.5,0.9,0.5,0.5,1,0.1667,0.1667,0.1667,0.1667,0.1481,0.1852
221-8,1,27,Business (MBA),,India,0,0.5,0.6,0.3,0.7,0.6,0.3,0.4,0.3,0.7,0.8,0.7,0.8,0.8,0.4,0.4,0.4,0.1,0.6,0.1556,0.1778,0.1778,0.1778,0.1778,0.1333
222-9,1,27,"Mathematics, PhD",,Germany,0,0.5,0.1,0.6,0.8,1,0.9,0.6,0.4,0.7,0.9,0.1,0.9,0.9,1,0.8,0.3,0.1,0.3,0.0952,0.1905,0.2381,0.1905,0.0476,0.2381
223-10,1,28,History (GSAS - PhD),,US,0,0.8,0.7,0.6,0.6,0.8,0.7,0.6,0.7,0.8,0.9,0.6,0.5,1,0.6,0.7,0.5,0.2,0.7,0.1739,0.1739,0.1957,0.1957,0.1087,0.1522
224-11,1,32,Psychology,,Sweden,0,0.6,0.4,0.4,0.7,0.5,0.5,0.5,0.6,0.8,1,0.1,0.8,0.9,0.2,0.4,0.1,0.8,0.5,0.1724,0.1724,0.1724,0.1724,0.1379,0.1724
225-12,1,28,MBA,,Colombia,0,1,0.8,0.3,0.8,0.8,0.8,0.7,0.3,0.9,0.8,0.8,0.9,0.7,0.9,0.9,0.2,0.6,0.4,0.1471,0.1471,0.1471,0.1471,0.2059,0.2059
226-13,1,23,International Business,,US,0,1,0.7,0.8,0.6,0.7,0.7,0.3,0.2,0.8,0.4,0.5,0.6,0.7,0.4,0.9,0.2,0.4,0.3,0.2564,0.1795,0.1538,0.2051,0.1026,0.1026
227-14,1,26,Finance,,US,0,0.7,0.7,0.7,1,0.9,0.7,0.2,0.6,0.5,1,0.8,0.8,0.9,0.5,0.7,0.5,0.1,0.5,0.2,0.16,0.18,0.16,0.16,0.14
228-15,1,24,Physics,,Germany,1,0.3,0.1,0.2,0.8,0.4,0.5,0.8,0.4,0.6,0.9,0.2,0.4,0.7,0.8,0.9,0.2,0.8,0.7,0.1351,0.1892,0.2162,0.1351,0.1351,0.1892
229-16,1,28,biomedicine,,US,0,0.8,0.5,0.7,0.7,0.1,0.1,0.5,0.3,0.3,0.8,0.5,0.1,0.5,0.2,0.6,0.1,0.1,0.3,0.2143,0.1667,0.2143,0.1667,0.119,0.119
23-3,0,21,Psychology,Asian,Hong Kong,0,0.2,0.2,0.3,0.9,0.7,0.6,0.6,0.7,0.7,1,0.9,1,1,1,1,1,0.3,0.5,0.1,0.2,0.4,0.1,0.1,0.1
230-17,1,42,International Affairs,,US,0,0.1,0.1,0.2,0.1,1,1,1,0.1,0.1,1,1,1,1,0.5,1,1,0.6,0.5,0.2381,0.2381,0.2381,0.2381,0.0238,0.0238
231-18,1,30,International Affairs,,US,0,0.5,0.2,0.7,0.9,0.9,0.6,0.8,0.1,0.9,0.9,0.1,0.8,0.9,0.9,1,0.1,0.7,0.5,0.186,0.2093,0.2326,0.2326,0.0233,0.1163
232-19,1,31,International Affairs,,US,0,0.5,0.5,0.9,0.8,0.7,0.8,0.9,0.3,0.8,0.7,0.4,0.6,0.8,0.7,0.7,0.3,0.5,0.4,0.1778,0.1778,0.1778,0.1778,0.1333,0.1556
233-20,1,29,Master of International Affairs,,US,0,1,0.9,0.8,1,0.8,0.8,0.7,0.9,0.8,0.5,1,0.8,1,1,1,0.8,0.6,0.7,0.14,0.2,0.18,0.16,0.14,0.18
234-1,0,22,Sociology and Education,,US,1,0.5,0.3,1,1,0.9,0.5,0.2,0.1,0.4,0.9,0.5,0.6,0.5,0.5,0.9,0.7,0.4,0.5,0.2,0.2,0.2,0.1,0.1,0.2
235-2,0,23,elementary education,,US,0,0.1,0.3,0.3,1,0.9,1,0.2,0.1,0.7,0.7,0.1,0.9,0.9,0.6,1,1,0.7,0.5,0.15,0.15,0.2,0.2,0.2,0.1
236-3,0,24,Biology,,US,0,0.9,0.6,0.3,0.7,0.9,0.9,0.7,0.1,0.8,0.7,0.5,0.4,0.7,0.4,1,0.4,0.2,0.7,0.15,0.2,0.15,0.2,0.15,0.15
237-4,0,34,American Studies,,US,1,0.1,0.1,1,0.7,0.8,0.9,0.9,0.1,0.1,1,0.6,0.8,0.6,0.2,0.9,0.2,1,0.4,0.1,0.2,0.2,0.2,0.2,0.1
238-5,0,27,Arts Administration,,US,0,0.8,0.5,0.8,0.8,1,1,0.8,0.2,0.8,0.7,0.5,0.9,0.9,1,1,0.7,0.6,0.5,0.15,0.2,0.2,0.15,0.15,0.15
239-6,0,34,Conservation biology,,US,0,0.3,0.3,0.5,0.8,0.8,0.7,0.8,0.1,0.6,0.9,0.6,0.8,0.8,0.6,0.7,0.1,0.8,0.7,0.1,0.25,0.2,0.2,0.05,0.2
24-4,0,27,social work,European,US,0,1,0.1,1,0.9,0.6,0.6,1,0.6,0.3,0.6,0.1,0.6,0.9,0.8,0.8,0.6,0.7,0.5,0.1,0.2,0.2,0.15,0.2,0.15
240-7,0,26,MBA,,US,0,1,1,0.9,1,1,0.8,0.9,1.4,0.9,1,1,1,1,1,1,1,0.3,0.2,0.1,0.3,0.3,0.1,0.1,0.1
241-8,0,29,Business,,US,0,0.8,0.1,0.5,0.7,0.7,0.7,0.4,0.1,0.3,0.4,0.1,0.3,0.4,0.6,0.7,0.6,0.3,0.2,0.9,0.02,0.02,0.02,0.02,0.02
242-9,0,26,sociology,,Uruguay,1,0.6,0.5,0.5,0.8,1,1,0.9,0.4,0.9,1,0.1,0.9,1,1,1,0.1,0.8,0.6,0.2,0.2,0.25,0.2,0.05,0.1
243-1,1,27,Japanese Literature,,US,0,0.7,0.2,0.7,0.9,0.5,0.8,0.5,0.7,0.3,0.9,0.5,0.5,0.9,0.8,0.8,0.6,0.2,0.6,0.2,0.2,0.2,0.25,0.05,0.1
244-2,1,28,MBA,,US,0,0.5,0.2,1,0.8,0.6,0.4,0.9,0.1,0.3,1.3,0.9,0.8,0.9,0.3,0.4,0.3,0.1,0.5,0.2,0.2,0.2,0.1,0.1,0.2
245-3,1,32,Philosophy,,US,1,0.3,0.1,0.2,0.6,0.7,0.8,0.4,0.8,0.6,0.9,0.2,0.7,0.8,0.6,0.6,0.1,0.6,0.2,0.18,0.1,0.3,0.1,0.1,0.22
246-4,1,25,biotechnology,,US,0,0.6,0.5,0.5,0.7,0.5,0.5,0.3,0.2,0.6,0.8,0.8,0.9,0.9,0.8,0.9,0.5,0.2,0.3,0.35,0.2,0.1,0.2,0.1,0.05
247-5,1,25,Earth and Environmental Science,,China,0,0.5,0.4,0.7,0.1,0.3,0.2,0.9,0.4,0.2,0.5,0.3,0.3,0.3,0.3,0.3,0.2,0.6,0.6,0.2,0.3,0.1,0.15,0,0.25
248-6,1,27,Business,,US,0,0.7,0.1,0.8,0.7,0.5,0.1,0.8,0.6,0.8,0.6,0.3,0.7,0.7,0.4,0.7,0.6,0.1,0.6,0.25,0.15,0.2,0.2,0.15,0.05
249-7,1,33,Finance,,Chile,0,0.7,0.9,0.1,1,0.8,0.6,0.1,0.1,0.6,1,0.7,0.3,0.8,0.8,0.5,0.4,0.1,0.5,0.22,0.22,0.15,0.15,0.05,0.21
25-5,0,25,Social Work,European,US,0,0.7,0.4,0.7,0.7,0.6,0.3,0.5,0.6,0.8,0.9,0.9,0.7,1,0.6,0.8,0.8,0.4,0.5,0.2,0.2,0.15,0.15,0.15,0.15
250-8,1,25,Classics,,US,1,0.7,0.2,0.8,1,1,1,0.6,0.1,0.2,1,0.1,0.9,0.9,1,1,0.6,0.5,0.7,0.2,0.2,0.2,0.2,0.1,0.1
251-9,1,33,Philosophy (Ph.D.),,Israel,0,0.7,0.6,0.1,0.6,0.8,0.8,0.5,0.8,0.4,0.9,0.7,0.6,0.9,0.6,0.8,0.2,0.3,0.5,0.19,0.19,0.19,0.19,0.19,0.05
252-1,0,28,Political Science,,Mexico,0,0.4,0.3,0.3,0.8,0.7,0.6,0.7,0.4,0.9,0.9,0.2,0.9,0.9,0.9,0.9,0.9,0.2,1,0,0.25,0.25,0.25,0.25,0
253-2,0,33,sociology,,Japan,0,0.5,0.3,0.5,0.8,1,1,0.6,0.1,0.6,1,0.7,0.7,1,0.7,0.7,0.7,0.3,0.7,0.25,0.3,0.1,0.1,0.05,0.2
254-3,0,22,Philosophy and Physics,,US,0,0.8,0.2,0.6,1,0.9,0.9,0.8,0.1,0.7,0.9,0.8,0.9,0.9,0.7,0.7,0.7,0.8,0.6,0.25,0.07,0.25,0.25,0.08,0.1
255-4,0,26,nutrition,,US,0,0.6,0.8,0.9,0.6,0.6,0.6,0.4,0.2,0.5,0.6,0.4,0.7,0.7,0.8,0.8,0.9,0.1,0.6,0.1667,0.1667,0.1667,0.1667,0.1667,0.1667
256-5,0,24,Medicine,,US,0,0.5,0.3,0.6,0.7,0.6,0.5,0.6,0.5,0.5,0.5,0.8,0.6,0.8,0.8,0.8,0.9,0.3,0.6,0.15,0.25,0.2,0.2,0.1,0.1
257-6,0,24,Art Education,,US,0,0.7,0.1,0.6,0.9,1,1,1,0.3,0.4,1,0.2,0.5,1,1,1,0.4,1,0.3,0.22,0.14,0.3,0.1,0.14,0.1
258-7,0,25,MA Science Education,,US,0,0.9,0.6,0.7,0.7,0.8,0.3,1,0.4,0.1,1,0.3,0.8,0.5,0.2,0.6,0.6,0.2,0.6,0.07,0.35,0.2,0.2,0.05,0.13
259-8,0,25,Genetics,,US,0,0.8,0.3,0.7,0.8,0.7,0.7,0.4,0.2,0.7,0.8,0.6,0.7,0.7,0.5,0.7,0.5,0.6,0.5,0.15,0.18,0.19,0.19,0.17,0.12
26-6,0,23,Social Work,European,US,0,0.9,0.4,0.9,0.7,0.7,0.4,0.6,0.5,0.7,0.5,0.3,0.9,0.9,0.6,0.4,0.5,0.1,0.7,0.2,0.2,0.2,0.15,0.15,0.1
260-9,0,27,Genetics,,Malaysia,0,0.9,0.6,0.7,0.9,0.5,0.5,0.6,0.2,0.3,0.9,0.6,0.7,0.7,0.9,0.9,0.5,0.3,0.6,0.19,0.2,0.19,0.14,0.13,0.15
261-10,0,26,biology,,US,0,0.6,0.4,0.3,0.9,0.9,0.8,0.3,0.5,0.8,0.9,0.2,0.9,0.9,0.9,0.9,0.4,0.6,0.3,0.15,0.2,0.2,0.2,0.15,0.1
262-11,0,29,Psychology,,"Warsaw, Poland",0,0.9,0.9,0.8,0.7,0.7,0.3,0.7,0.1,0.3,1,0.4,0.1,0.7,0.5,0.8,0.1,0.1,0.1,0.1,0.4,0.2,0.2,0,0.1
263-12,0,26,Psychology,,US,0,0.1,0.1,0.1,0.5,0.7,0.7,0.7,0.1,0.3,0.9,0.4,0.7,0.7,0.7,0.8,0.9,0.6,0.1,0.2,0.2,0.2,0.1,0.2,0.1
264-13,0,26,English,,US,0,0.7,0.1,0.7,0.5,0.7,0.8,0.6,0.1,0.5,0.9,0.7,0.4,0.8,0.2,0.6,0.2,0.1,0.3,0.15,0.15,0.25,0.2,0.05,0.2
265-14,0,32,Law and English Literature (J.D./Ph.D.),,US,1,0.2,0.9,0.8,0.8,0.7,0.8,0.2,0.1,0.2,1,0.6,0.7,1,0.8,0.9,0.2,0.1,0.3,0.15,0.05,0.45,0.1,0.15,0.1
266-15,0,28,french,,US,0,0.5,0.4,0.5,0.4,0.7,0.8,0.8,0.1,0.6,0.5,0.1,0.4,1,0.6,0.7,0.2,0.6,0.4,0.25,0.2,0.2,0.25,0,0.1
267-16,0,26,Nutritiron,,China,0,0.4,0.8,0.5,0.9,0.7,0.6,0.4,0.7,0.8,0.3,0.9,0.5,0.9,0.4,0.9,1,0.2,0.4,0.2,0.3,0.1,0.15,0.1,0.15
268-17,0,24,GS Postbacc PreMed,,US,0,0.8,0.6,0.6,0.5,0.4,0.3,0.6,0.5,0.5,0.8,0.4,0.5,0.5,0.4,0.4,0.4,0.4,0.5,0.3,0.2,0.2,0.1,0.15,0.05
269-18,0,24,Art History,,US,0,0.4,0.1,0.8,0.8,0.8,1,0.7,0.3,0.1,1,0.3,0.6,0.6,0.6,0.9,0.4,0.2,0.6,0.2,0.1,0.3,0.15,0.15,0.1
27-7,0,22,Speech Language Pathology,Latino,US,0,0.7,0.6,0.8,0.8,0.7,0.6,0.8,0.7,0.8,0.8,0.5,0.5,0.5,0.5,0.7,0.7,0.8,0.5,0.17,0.1,0.18,0.2,0.25,0.1
270-19,0,23,Biology,,US,0,0.8,0.4,0.6,0.9,0.8,0.7,0.8,0.4,0.6,0.9,0.2,0.7,0.5,0.6,0.7,0.6,0.4,0.5,0.16,0.16,0.19,0.17,0.14,0.18
271-20,0,23,Social Work,,US,0,0.8,0.7,1,0.9,1,1,0.5,0.5,0.6,0.7,0.7,0.9,0.9,0.9,0.8,0.9,0.5,0.8,0.1,0.15,0.4,0.15,0.1,0.1
272-21,0,25,Social Work,,US,0,0.6,0.7,1,1,0.9,0.8,0.7,0.6,0.8,0.9,0.9,0.9,0.9,0.9,1,0.9,0.8,0.8,0.25,0.2,0.25,0.25,0.05,0
273-1,1,29,chemistry,,Czech Republic,0,0.6,0.1,0.5,0.7,0.7,0.4,0.8,0.1,0.3,0.2,0.5,0.7,0.8,0.8,0.8,0.3,0.2,0.5,0.3,0.25,0.18,0.18,0.04,0.05
274-2,1,24,Sociology,,Mexico,1,0.3,0.3,0.4,0.7,0.6,0.5,0.4,0.5,0.1,1,0.7,0.6,0.8,0.9,1,0.8,0.7,0.6,0.3,0.1,0.2,0.2,0.1,0.1
275-3,1,21,Operations Research,,Siberia,0,0.9,0.1,1,0.6,0.7,0.7,0.4,0.6,0.5,1,0.1,0.9,0.7,0.7,0.9,0.5,0.9,0.6,0.25,0.1,0.25,0.05,0.1,0.25
276-4,1,26,Molecular Biology,,US,0,0.6,0.2,0.8,0.9,0.8,0.9,0.2,0.3,0.6,0.9,0.1,0.4,0.7,0.6,0.7,0.2,0.2,0.4,0.24,0.16,0.28,0.14,0.08,0.1
277-5,1,25,Genetics & Development,,US,0,1,0.6,1,0.5,0.8,0.8,1,0.5,0.3,0.8,0.2,0.7,0.8,0.6,0.6,0.1,0.2,0.5,0.6,0.2,0,0.2,0,0
278-6,1,32,medical informatics,,US,0,0.8,0.1,0.5,0.9,0.9,0.9,0.9,0.5,0.8,0.9,0.5,0.7,0.9,0.9,0.9,0.5,0.1,0.8,0.25,0.15,0.2,0.25,0.1,0.05
279-7,1,25,Biology,,US,1,0.7,0.1,0.6,0.5,0.2,0.3,0.5,0.3,0.4,0.9,0.6,0.3,0.8,0.1,0.2,0.1,0.1,0.7,0.27,0.15,0.28,0.1,0.1,0.1
28-8,0,26,Speech Languahe Pathology,European,US,0,0,0,0,0,0,0,0,0,0,0,0,0,0,0,0,0,0,0,0,0,0,0,0,0
280-8,1,25,Biology,,US,1,0.8,0.1,0.5,0.5,0.6,0.5,0.5,0.4,0.2,1,0.2,0.7,1,0.7,0.8,0.2,0.2,0.5,0.25,0.2,0.3,0.15,0.05,0.05
281-9,1,27,Sociology,,Russia,0,0.4,0.4,0.2,0.4,0.7,0.5,0.8,0.1,0.2,0.6,0.2,0.6,0.8,0.7,0.5,0.3,0.9,0.2,0.2,0.2,0.2,0.15,0.05,0.2
282-10,1,23,Electrical Engineering,,US,0,1,1,1,0.5,0.4,0.4,0.4,0.7,0.8,0.9,0.5,0.7,0.7,0.7,1,0.5,0.1,0.5,0.25,0.15,0.2,0.2,0.1,0.1
283-11,1,27,Electrical Engg.,,US,0,0.9,0.6,0.6,0.6,0.4,0.4,0.8,0.6,0.6,0.8,0.1,0.5,0.3,0.3,0.7,0.2,0.7,0.5,0.5,0.1,0.1,0.1,0.1,0.1
284-12,1,27,Business School,,Iceland,0,0.9,0.2,0.5,0.7,0.7,0.9,0.8,0.1,0.5,0.9,0.5,0.5,0.9,0.8,0.9,0.8,0.5,0.7,0.25,0.2,0.25,0.2,0.1,0
285-13,1,24,engineering,,China,1,0.5,0.7,0.6,1,0.9,1,0.9,1.4,0.5,0.9,0.7,0.3,1,1,1,1,1,1,0.2,0.2,0.25,0.25,0.05,0.05
286-14,1,22,Mathematics,,Russia,0,0.7,0.3,0.4,0.3,0.8,0.7,0.9,0.9,0.4,0.8,0.6,0.8,0.7,0.8,0.6,0.3,0.8,0.7,0.1,0.15,0.25,0.15,0.15,0.2
287-15,1,22,International Politics,,Nepal,0,0.2,0.1,0.5,0.7,0.2,0.2,0.9,0.6,0.4,1,0.8,0.8,1,0.8,0.8,0.8,0.8,0.8,0.35,0.4,0.05,0.05,0.07,0.08
288-16,1,27,Sociology,,US,0,0.9,0.5,0.3,0.8,0.5,0.5,0.6,0.4,0.4,0.9,0.2,0.6,0.7,0.5,0.7,0.2,0.2,0.5,0.2,0.2,0.15,0.25,0.1,0.1
289-17,1,28,MBA / Master of International Affairs (SIPA),,US,0,1,0.6,0.1,0.7,0.3,0.6,1,0.5,0.3,1,0.6,0.5,0.7,0.6,0.8,0.2,0.1,0.7,0.2,0.3,0.1,0.2,0,0.2
29-9,0,22,Social Work,European,US,0,0.8,0.9,0.7,0.7,0.7,0.6,0.2,0.2,0.7,0.7,0.7,0.5,0.7,0.6,0.8,0.9,0.5,0.7,0.2,0.22,0.18,0.15,0.15,0.1
290-18,1,34,genetics,,Israel,0,0.7,0.1,0.8,0.7,0.7,0.4,0.3,0.2,0.1,1,0.1,0.3,0.5,0.9,1,0.2,0.5,0.5,0.3,0.1,0.3,0.1,0.05,0.15
291-19,1,27,medicine and biochemistry,,US,0,0.9,0.7,0.7,0.7,0.7,0.7,0.5,0.6,0.5,0.7,0.5,0.6,0.7,0.5,0.8,0.5,0.5,0.6,0.2,0.2,0.15,0.15,0.12,0.18
292-20,1,28,International Affairs,,US,0,1,0.5,0.8,0.8,0.7,0.5,1,0.7,0.9,0.7,0.4,0.7,0.9,0.5,1,0.1,0.1,0.6,0.2,0.18,0.2,0.17,0.1,0.15
293-21,1,28,Business (MBA),,US,0,0.6,0.9,0.7,1,0.8,0.7,0.6,0.6,0.8,0.9,0.6,0.9,0.9,0.8,0.8,0.6,0.4,0.6,0.23,0.18,0.21,0.18,0.1,0.1
294-1,0,30,Social Studies Education,,US,0,0.7,0.8,0.4,0.9,1,1,0.1,0.1,0.7,1,0.3,1,0.9,0.7,0.8,0.8,0.5,0.6,0.2,0.2,0.35,0.05,0.1,0.1
295-2,0,30,MA Teaching Social Studies,,US,0,0.7,0.8,0.8,0.5,0.7,0.5,0.3,0.1,0.2,1,0.7,1,1,0.8,0.8,0.5,0.8,0.6,0.1,0.18,0.2,0.16,0.16,0.2
296-3,0,28,Education Policy,,US,0,0.4,0.5,0.2,0.8,0.8,0.7,0.6,0.5,0.9,0.9,0.9,0.8,0.7,0.8,1,0.9,0.7,0.3,0.15,0.2,0.35,0.15,0.05,0.1
297-4,0,21,Education- Literacy Specialist,,US,0,0.5,0.2,0.8,0.8,1,1,0.3,0.3,0.5,1,0.8,1,1,0.8,0.8,0.8,0.6,0.7,0.25,0.25,0.15,0.15,0.1,0.1
298-5,0,22,English,,US,0,0.3,0.1,0.3,0.5,1,1,0.3,0.1,0.4,1,0.5,1,1,1,1,0.9,0.7,0.1,0.1,0.3,0.2,0.1,0.15,0.15
299-6,0,24,Social Work,,US,0,0.7,0.1,0.7,0.8,0.9,0.8,0.9,0.4,0.9,0.9,0.6,0.7,0.9,0.7,0.9,0.5,0.4,0.5,0.1,0.4,0.1,0.2,0.1,0.1
3-3,0,25,Economics,European,US,0,0.3,0.8,0.7,0.8,0.5,0.5,0.8,0.4,0.5,0.7,0.8,0.7,0.7,0.7,0.5,0.8,0.7,0.4,0.35,0.1,0.35,0.1,0.1,0
30-10,0,23,Law,European,US,0,0.5,0.6,0.8,0.7,0.4,0.4,0.2,0.1,0.7,0.8,0.5,0.7,0.7,0.7,0.9,0.6,0.4,0.3,0.1,0.2,0.2,0.2,0.2,0.1
300-7,0,35,Anthropology/Education,,US,0,0.8,0.2,0.8,0.9,1,1,0.7,0.2,0.5,0.8,0.2,1,0.8,0.8,1,0.4,0.2,0.9,0.15,0.2,0.25,0.15,0.15,0.1
301-8,0,34,bilingual education,,US,0,0.5,0.3,0.9,1,0.7,0.8,0.5,0.1,0.5,0.9,0.5,0.9,1,0.9,0.9,0.5,0.9,0.2,0.2,0.2,0.2,0.2,0.1,0.1
302-10,0,21,speech pathology,,US,0,1,1,0.9,0.7,0.5,0.6,0.6,0.6,0.8,0.5,0.7,0.7,0.7,0.9,0.9,0.6,0.6,0.8,0.5,0.05,0.2,0.1,0.05,0.1
303-11,0,33,Education,,US,1,0.7,0.1,0.9,0.9,0.9,0.7,0.7,0.1,0.1,1,0.2,0.9,0.9,0.8,0.9,0.5,0.1,0.6,0.2,0.25,0.25,0.1,0.15,0.05
304-12,0,28,Speech Pathology,,US,0,1,0.1,0.8,0.7,0.7,0.8,0.2,0.1,0.4,0.8,0.1,0.8,0.9,0.7,0.7,0.8,0.9,0.6,0.05,0.2,0.25,0.25,0.15,0.1
305-13,0,29,math education,,Philippines,0,0.8,0.2,0.7,1,0.7,0.7,0.8,0.2,0.7,0.8,0.7,0.8,0.9,0.7,0.7,0.9,0.8,0.4,0.1,0.47,0.16,0.12,0.03,0.12
306-14,0,22,TESOL,,China,0,0.6,0.6,0.9,0.8,0.5,0.5,0.7,0.4,0.5,0.6,0.9,0.9,0.9,0.5,0.5,0.9,0.5,0.7,0.16,0.2,0.19,0.16,0.18,0.11
307-15,0,27,Elementary Education,,US,0,1,0.8,1,0.9,0.8,0.9,1,0.1,0.5,1,0.7,1,1,0.8,1,0.9,0.3,0.3,0.1,0.2,0.2,0.15,0.2,0.15
308-1,1,27,Cognitive Studies in Education,,US,0,0.7,0.7,0.7,0.8,0.8,0.8,0.8,0.7,0.3,0.7,0.9,0.8,0.9,0.7,0.8,0.7,0.7,0.7,0.17,0.19,0.18,0.17,0.11,0.18
309-2,1,32,education,,US,1,0.6,0.4,0.4,0.9,0.8,1,0.8,0.5,0.7,0.9,0.6,0.8,0.9,0.8,1,0.4,0.4,0.7,0.2,0.2,0.2,0.2,0.1,0.1
31-11,0,24,law,European,US,0,0.3,0.3,0.7,1,0.7,0.7,0.7,0.2,0.6,0.6,0.8,0.8,0.8,0.6,0.7,1,0.6,0.5,0.35,0.1,0.2,0.2,0.1,0.05
310-3,1,25,Computer Science,,US,0,0.2,0.2,0.3,0.7,0.6,0.6,0.3,0.8,0.5,0.9,0.8,0.7,0.9,0.5,0.6,0.5,0.3,0.6,0.24,0.15,0.2,0.2,0.08,0.13
311-4,1,29,Finance/Economics,,US,0,1,0.8,0.9,1,0.7,0.6,0.8,0.9,0.1,0.7,0.4,0.6,0.8,1,1,0.9,0.8,0.8,0.5,0.2,0.1,0.1,0.05,0.05
312-5,1,23,Museum Anthropology,,US,0,0.7,0.7,0.5,0.7,0.9,0.8,1,0.5,0.3,0.8,0.5,0.6,0.9,0.7,0.8,0.2,0.1,0.5,0.25,0.05,0.3,0.15,0.05,0.2
313-6,1,27,Business,,US,0,0.9,0.8,0.6,0.8,0.6,0.3,0.6,0.1,0.9,0.6,0.3,0.2,0.7,0.8,1,0.5,0.1,0.6,0.19,0.13,0.18,0.18,0.1,0.22
314-7,1,32,Political Science,,India,0,0.9,0.2,0.7,0.8,0.6,0.4,0.2,0.2,0.2,0.6,0.7,0.3,0.7,0.6,0.8,0.8,0.8,0.6,0.2,0.1,0.3,0.2,0.1,0.1
315-8,1,27,Environmental Engineering,,US,1,0.8,0.2,0.2,0.8,0.8,0.8,0.8,0.2,0.8,0.7,0.1,0.8,0.9,0.7,0.7,0.2,0.2,0.5,0.0667,0.1905,0.4286,0.0952,0.1429,0.0762
316-9,1,25,Business,,US,0,0.9,0.3,0.5,0.7,0.6,0.6,0.6,0.4,0.6,0.9,0.5,0.4,0.4,0.7,0.9,0.4,0.1,0.5,0.25,0.2,0.15,0.25,0.1,0.05
317-10,1,30,MBA,,Italy,0,0.8,0.1,0.5,1,0.6,1,0.4,0.3,0.8,0.4,0.1,1,1,0.8,0.9,0.1,0.1,0.7,0.5,0,0.2,0.2,0,0.1
318-11,1,29,Business Administration,,Canada,0,0.8,0.4,0.8,0.6,0.4,0.5,0.7,0.7,0.7,0.7,0.6,0.7,0.8,0.5,0.8,0.7,0.6,0.6,0.4,0.3,0.1,0.08,0.02,0.1
319-12,1,26,Curriculum and Teaching/Giftedness,,US,0,0.8,0.7,0.5,0.7,0.5,0.4,0.8,0.7,0.1,0.5,0.7,0.2,0.2,1,0.9,0.2,0.3,0.7,0.2,0.25,0.2,0.1,0.05,0.2
32-12,0,27,Psychology,Asian,US,0,0.4,0.1,0.5,0.9,0.5,0.5,0.1,0.2,0.4,0.9,0.6,0.6,0.7,0.5,0.8,1,0.9,0.3,0.5,0,0.5,0,0,0
320-13,1,36,History,,US,1,0.4,0.1,0.9,0.9,0.8,0.4,0.6,0.3,0.1,1,0.1,0.5,0.7,0.2,0.5,0.2,0.1,0.6,0.2,0.16,0.16,0.16,0.16,0.16
321-14,1,29,Business,,France,0,0.7,0.4,0.4,0.8,0.5,0.5,0.4,0.2,0.7,0.5,0.2,0.6,0.8,0.6,0.7,0.2,0.1,0.6,0.3,0.15,0.15,0.2,0.1,0.1
322-1,0,34,Anthropology,,Japan,0,0.8,0.7,0.7,0.6,0.6,0.6,0.9,0.3,0.6,0.7,0.2,0.8,0.8,0.8,0.8,0.3,0.1,0.9,0.02,0.6,0.15,0.08,0.05,0.1
323-2,0,25,Instructional Tech & Media,,China,0,0.5,0.7,0.7,0.7,0.8,0.7,0.7,0.6,0.6,0.7,0.8,0.9,0.9,0.8,0.8,0.8,0.6,0.8,0.1,0.2,0.2,0.2,0.1,0.2
324-3,0,23,School Psychology,,US,0,0.8,0.8,0.6,1,0.8,0.8,0.9,0.6,0.9,0.7,0.8,1,0.8,1,1,0.7,0.7,0.5,0.4,0.1,0.15,0.2,0.1,0.05
325-4,0,30,School Psychology,,US,0,0.5,0.7,0.9,0.9,0.9,0.9,0.7,0.7,0.7,0.9,0.7,0.9,0.9,0.9,0.9,0.4,0.6,0.6,0.1,0.2,0.2,0.1,0.1,0.3
326-5,0,36,Instructional Media and Technology,,US,0,0.2,0.2,0.3,0.8,0.8,0.8,0.2,0.2,0.6,0.9,0.6,1,0.8,1,1,1,0.8,0.8,0.15,0.15,0.15,0.2,0.2,0.15
327-6,0,29,SIPA / MIA,,US,0,0.1,0.1,0.5,1,0.8,0.7,0.7,0.1,0.6,1,0.1,0.9,0.8,0.9,0.9,0.1,0.5,0.5,0.15,0.1,0.2,0.2,0.2,0.15
328-7,0,30,English Education,,US,0,0.8,0.3,1,1,1,1,1,0.1,0.5,1,0.7,1,1,1,1,0.5,1,0.6,0.22,0.12,0.3,0.25,0.1,0.01
329-8,0,29,art education,,US,0,0.3,0.2,0.7,0.7,1,1,0.3,0.1,0.4,1,0.2,1,0.7,0.6,0.8,0.2,0.1,0.4,0.15,0.22,0.22,0.16,0.15,0.1
33-13,0,30,Educational Psychology,European,US,0,0.4,0.6,1,0.7,0.8,0.6,0.6,0.8,0.6,1,1,0.8,0.8,0.6,0.6,0.7,0.9,0.4,0.3,0.2,0.3,0.1,0,0.1
330-9,0,22,MA in Quantitative Methods,,US,0,0.8,0.7,0.7,0.8,0.5,0.5,0.2,0.2,0.9,0.5,0.7,0.2,0.8,0.4,0.9,0.5,0.2,0.7,0.15,0.25,0.15,0.2,0.1,0.15
331-10,0,34,Early Childhood Education,,US,0,0.4,0.7,0.4,0.6,0.7,0.7,1,0.2,0.1,0.9,0.3,0.7,0.7,0.9,0.9,0.4,1,0.4,0.15,0.15,0.1,0.25,0.1,0.25
332-1,1,30,anthropology,,Japan,1,0.7,0.2,0.8,0.5,1,1,0.7,0.3,0.7,0.9,0.5,0.8,1,0.5,0.9,0.7,0.1,0.7,0.6,0.1,0.1,0.1,0.05,0.05
333-2,1,23,MBA,,US,0,1,0.5,1,0.7,0.3,0.1,1,0.5,0.3,0.8,0.2,0.4,0.8,0.2,0.4,0.3,0.6,0.7,0.5,0.05,0.15,0.2,0.1,0
334-3,1,29,MBA,,Korea,0,0.9,0.4,0.9,0.9,0.8,0.8,0.5,0.6,0.8,0.5,0.5,0.6,0.6,0.3,0.5,0.8,0.5,0.5,0.4,0.1,0.15,0.1,0.1,0.15
335-4,1,24,Psychology,,US,0,0.9,0.1,0.9,0.4,0.7,0.7,0.4,0.1,0.4,0.8,0.6,0.5,0.4,0.3,0.8,0.5,0.7,0.6,0.2,0.1,0.2,0.2,0.15,0.15
336-5,1,25,Architecture,,US,0,0.5,0.4,0.4,0.5,0.8,1,0.4,0.1,0.1,0.9,0.4,0.6,1,1,1,0.3,0.4,0.4,0.2,0.15,0.3,0.1,0.15,0.1
337-6,1,28,Urban Planning,,US,0,0.9,0.9,0.8,0.8,0.8,0.7,0.5,0.4,0.6,0.7,0.5,0.7,0.8,0.7,0.6,0.4,0.4,0.5,0.17,0.17,0.17,0.17,0.16,0.16
338-7,1,27,Urban Planning,,India,0,0.4,0.2,0.7,0.6,0.8,0.8,0.8,0.6,0.6,0.8,0.4,1,1,0.7,0.7,0.5,1,0.2,0.1,0.2,0.25,0.2,0.2,0.05
339-8,1,,,,US,0,0,0,0,0,0,0,0,0,0,0,0,0,0,0,0,0,0,0,0,0,0,0,0,0
34-14,0,21,Applied Maths/Econs,Asian,Singapore,0,0.7,0.6,0.6,0.7,0.4,0.4,0.5,0.4,0.7,0.7,0.6,0.9,1,0.7,0.7,0.7,0.7,0.6,0.3,0.05,0.3,0.15,0.15,0.05
340-9,1,,,,US,0,0,0,0,0,0,0,0,0,0,0,0,0,0,0,0,0,0,0,0,0,0,0,0,0
341-1,0,23,Political Science,,US,0,0.1,0.2,0.1,1,0.9,0.9,0.8,0.1,0.6,1,1,1,1,1,1,0.9,1,0.5,0.2,0.2,0.2,0.2,0.2,0
342-2,0,33,Ed.D. in higher education policy at TC,,US,0,0.3,0.4,0.4,1,0.9,1,0.1,0.1,0.8,0.7,1,0.8,1,0.1,0.4,1,0.4,0.2,0.4,0.15,0.25,0.05,0.15,0
343-3,0,32,Epidemiology,,US,1,0.6,0.3,0.3,1,1,1,0.8,0.2,0.3,0.5,0.4,0.8,0.9,0.9,0.9,0.9,0.7,0.5,0.05,0.25,0.2,0.1,0.15,0.25
344-4,0,26,International Security Policy - SIPA,,US,1,0.9,0.7,0.5,0.6,0.7,0.6,0.4,0.3,0.9,0.4,0.4,0.9,0.9,0.9,0.9,0.9,0.5,0.5,0.15,0.15,0.15,0.2,0.2,0.15
345-5,0,24,Nutrition,,US,0,0.5,0.1,1,0.6,0.5,0.5,0.3,0.4,0.8,0.9,0.6,0.7,0.7,0.8,0.9,0.6,0.9,0.6,0.1,0.2,0.27,0.23,0.15,0.05
346-6,0,,,,US,0,0,0,0,0,0,0,0,0,0,0,0,0,0,0,0,0,0,0,0,0,0,0,0,0
347-7,0,26,EDUCATION,,US,0,0.1,0.1,0.2,1,0.3,0.3,0.1,0.1,0.8,0.2,0.5,0.3,0.8,0.1,0.7,1,0.1,0.5,0.3,0.05,0.1,0.2,0.3,0.05
348-8,0,21,EDUCATION,,US,0,0.3,0.5,0.1,1,1,1,0.2,0.1,0.9,1,0.7,1,0.7,0.7,0.7,1,0.5,0.5,0.15,0.25,0.15,0.15,0.15,0.15
349-9,0,33,Organizational Psychology,,US,0,0.2,0.3,1,0.8,0.7,0.8,0.7,0.1,0.6,0.7,0.4,0.8,0.8,0.8,0.9,0.6,0.7,0.6,0.25,0.2,0.1,0.2,0.2,0.05
35-15,0,25,Mathematics,European,US,0,0.9,0.7,0.9,0.8,0.8,0.8,0.5,0.6,0.9,0.7,0.9,0.8,0.8,0.7,0.7,0.8,0.3,0.7,0.2,0.23,0.23,0.22,0.07,0.05
350-10,0,31,Applied Physiology & Nutrition,,US,0,0.9,0.2,1,0.9,0.8,0.8,0.8,0.7,0.7,0.9,0.9,0.9,0.9,0.9,0.9,0.5,0.7,0.6,0.12,0.25,0.25,0.08,0.15,0.15
351-11,0,35,music education,,China,0,0.5,0.2,0.5,1,1,1,0.7,0.2,0.3,1,0.3,1,1,1,1,0.5,0.5,0.8,0.15,0.15,0.3,0.15,0.15,0.1
352-12,0,29,Music Education,,China,0,0.8,0.5,1,1,1,1,0.8,0.4,0.5,0.5,0.8,0.9,0.9,1,1,0.7,0.7,0.9,0.2,0.2,0.2,0.1,0.1,0.2
353-13,0,25,music education,,China,0,0.3,0.4,0.5,0.8,0.9,0.9,0.8,0.8,0.5,0.6,0.4,0.9,0.9,0.8,0.9,0.8,0.5,0.5,0.15,0.1,0.25,0.25,0.1,0.15
354-14,0,22,Clinical Psychology,,US,0,1,1,1,1,0.8,0.8,0.1,0.1,0.1,0.8,1,1,1,1,1,1,0.6,0.7,0.2,0.1,0.2,0.2,0.2,0.1
355-15,0,24,Clinical Psychology,,US,0,0.9,0.1,0.7,0.8,0.7,0.7,0.7,0.1,0.9,0.9,0.2,0.9,0.9,0.9,0.9,0.9,0.2,0.7,0.5,0.2,0.1,0.05,0.1,0.05
356-16,0,27,Counseling Psychology,,US,0,1,0.9,0.8,1,0.8,0.5,0.7,0.1,0.5,0.8,0.9,0.8,0.9,0.7,1,0.5,0.6,0.4,0.15,0.25,0.2,0.2,0,0.2
357-17,0,27,education,,US,0,0.2,0.6,1,1,1,1,0.8,0.1,0.7,1,0.6,1,0.8,0.7,0.7,0.8,0.1,0.1,0.15,0.2,0.2,0.2,0.2,0.05
358-18,0,26,MBA,,US,0,0.6,0.2,0.7,1,0.4,0.5,0.2,0.4,0.9,0.9,0.6,0.5,0.8,0.4,0.5,0.7,0.3,0.5,0.2,0.1,0.25,0.25,0.1,0.1
359-19,0,26,Communications in Education,,US,0,0.2,0.1,0.1,0.7,0.2,0.2,0.6,0.8,0.1,1,0.3,0.7,0.8,0.8,0.8,0.1,0.4,0.2,0.09,0.17,0.23,0.15,0.14,0.22
36-16,0,26,Statistics,European,US,0,0.6,0.1,0.4,0.6,0.7,0.7,0.7,0.1,0.3,0.9,0.1,0.9,0.6,0.6,0.7,0.5,0.1,0.6,0.2,0.25,0.2,0.15,0.15,0.05
360-20,0,24,psychology,,India,0,0.9,0.7,0.6,0.9,0.7,0.8,0.9,0.9,0.1,0.7,0.6,0.7,0.7,1,1,0.7,0.8,0.7,0.2,0.3,0.1,0.1,0.1,0.2
361-1,1,34,Intellectual Property Law,,US,0,0.3,0.1,0.3,0.5,0.9,1,0.3,0.3,0.4,1,0.6,0.8,0.9,0.7,0.7,0.3,0.2,0.5,0.3,0.2,0.3,0.05,0.05,0.1
362-2,1,30,Law,,Spain,0,0.8,0.2,0.1,0.9,0.6,0.6,0.6,0.4,0.7,0.6,0.4,0.6,0.6,0.6,0.6,0.7,0.2,0.9,0.2051,0.1453,0.2479,0.1709,0.0598,0.1709
363-3,1,23,engineering,,US,1,0.3,0.3,0.9,1,0.4,0.5,0.8,0.6,0.9,0.7,0.5,0.5,0.8,0.7,0.5,0.8,0.5,0.7,0.25,0.2,0.2,0.2,0.05,0.1
364-4,1,27,MBA Finance,,US,1,0.9,0.7,0.9,0.9,0.4,0.3,0.3,0.5,0.1,0.9,0.5,0.4,0.7,0.5,0.6,0.8,0.1,0.6,0.25,0.25,0.25,0.15,0.1,0
365-5,1,30,MBA,,France,0,0.7,0.3,0.3,0.9,0.9,1,0.8,0.4,0.8,0.8,0.1,0.5,0.7,0.9,1,0.5,0.5,0.8,0.3158,0.1053,0.1579,0.2105,0.1053,0.1053
366-6,1,27,Business,,Australia,0,0.6,0.6,0.4,0.8,0.9,0.9,0.7,0.6,0.8,0.9,0.4,0.6,0.7,1,1,0.8,0.6,0.5,0.14,0.18,0.17,0.16,0.15,0.2
367-7,1,27,International Affairs,,US,1,0.6,0.7,0.8,0.8,0.5,0.5,0.3,0.4,0.8,0.5,0.6,0.3,0.3,0.7,0.8,0.7,0.2,0.8,0.3,0.15,0.2,0.25,0.05,0.05
368-8,1,24,Intrernational Affairs,,England,0,0.4,0.6,0.4,0.8,0.9,0.7,0.3,0.8,0.9,0.9,0.9,0.7,0.9,0.8,0.9,0.8,0.4,0.4,0.2,0.1,0.25,0.2,0.1,0.15
369-9,1,25,Clinical Psychology,,US,0,0.2,0.6,0.2,0.6,0.7,0.7,0.7,0.1,0.1,1,0.3,0.7,0.5,0.6,0.8,0.1,0.1,0.7,0.17,0.18,0.28,0.27,0.05,0.05
37-17,0,27,Organizational Psychology,European,US,0,0.6,0.4,0.6,1,0.9,0.8,0.7,0.6,0.7,0.5,0.6,1,0.7,0.8,0.7,0.4,0.9,0.7,0.1,0.1,0.3,0.25,0.1,0.15
370-10,1,28,MBA,,US,1,0.7,0.8,0.7,0.7,0.6,0.6,0.3,0.1,0.6,0.7,0.2,0.2,0.2,0.5,0.9,0.4,0.1,0.7,0.5,0.1,0.1,0.1,0.1,0.1
371-11,1,27,MBA,,US,0,1,0.7,0.7,0.3,0.3,0.3,0.3,0.3,0.3,0.4,0.5,0.3,0.6,1,1,0.1,0.7,0.6,0.4,0,0.1,0.5,0,0
372-12,1,27,Business,,US,0,0.9,1,0.8,0.9,0.9,0.9,0.7,0.4,0.2,0.9,0.6,0.8,0.6,0.7,0.7,0.4,0.2,0.5,0.3,0.15,0.15,0.2,0.05,0.15
373-13,1,29,MBA,,Costa Rica,0,0.7,0.5,0.8,0.8,0.7,0.6,0.3,0.5,0.9,0.8,0.2,0.3,0.4,0.5,0.9,0.8,0.2,0.9,0.75,0.05,0.05,0.1,0,0.05
374-14,1,30,BUSINESS CONSULTING,,Korea,0,1,1,0.8,0.7,0.8,0.8,0.5,0.5,0.6,0.5,0.6,0.9,1,0.9,0.8,0.4,0.4,0.7,0.5,0.1,0.1,0.1,0.05,0.15
375-15,1,27,MBA,,Yugoslavia,0,0.9,0.8,0.5,0.8,0.4,0.4,0.2,0.2,0.7,0.5,0.6,0.5,0.6,0.3,0.6,0.7,0.3,0.5,0.3,0.2,0.15,0.15,0.08,0.12
376-16,1,25,business,,US,0,0.4,0.1,0.4,1,0.5,0.6,0.7,0.7,0.3,0.3,0.9,0.7,0.9,0.5,0.6,0.9,0.5,0.5,0.3,0.1,0.15,0.2,0.15,0.1
377-17,1,26,business school,,US,0,0.7,0.9,0.6,0.6,0.3,0.3,0.1,0.7,0.8,0.6,0.8,0.5,0.8,0.7,0.8,0.6,0.2,0.6,0.25,0.2,0.1,0.2,0.15,0.1
378-18,1,29,MBA,,US,0,0.9,0.5,1,0.5,0.4,0.4,0.2,0.1,0.8,0.7,0.3,0.3,0.8,0.5,0.8,0.5,0.2,0.6,0.25,0.15,0.2,0.2,0.1,0.1
379-1,0,38,"Business, Media",,US,0,0.4,0.4,0.6,0.7,0.8,0.8,0.7,0.2,0.2,0.6,0.7,0.7,0.9,0.6,0.6,0.3,0.5,0.5,0.15,0.15,0.2,0.15,0.15,0.2
38-19,0,23,Law,Black,US,0,0.7,0.2,0.7,1,0.2,0.2,0.7,0.4,0.7,0.2,0.8,0.8,1,1,1,1,0.2,0.2,0.5,0.1,0.2,0.1,0.1,0
380-2,0,33,MFA -Film,,US,0,0.7,0.8,0.8,0.8,0.5,0.5,0.3,0.1,0.5,0.5,0.7,0.7,1,0.9,0.9,0.9,0.9,0.6,0.2,0.2,0.2,0.15,0.15,0.1
381-3,0,24,Film,,US,0,0.5,0.5,0.5,0.7,0.8,0.8,0.6,0.5,0.6,0.9,0.6,0.4,0.8,0.7,0.8,0.8,0.7,0.2,0.2,0.1,0.2,0.35,0.05,0.1
382-4,0,28,Film,,US,0,0.6,0.5,1,1,0.9,0.9,0.6,0.8,0.3,0.8,1,0.8,1,0.9,0.9,0.9,0.1,0.6,0.25,0.25,0.25,0.1,0.1,0.05
383-5,0,27,Higher Ed. - M.A.,,US,1,0.9,0.7,0.9,0.9,0.8,0.8,0.5,0.1,0.5,0.6,0.9,0.4,0.9,0.8,0.7,0.7,0.4,0.4,0.25,0.2,0.1,0.2,0.15,0.1
384-6,0,23,Education,,US,0,0.8,0.5,0.7,0.9,1,1,0.3,0.3,0.7,0.6,0.7,1,1,0.5,0.6,0.6,0.3,0.8,0.2,0.2,0.2,0.2,0.2,0
385-7,0,25,Elementary Education,,US,0,0.7,0.5,0.8,1,1,1,1,0.6,0.8,0.9,0.6,1,1,0.8,1,0.9,0.8,0.7,0.25,0.2,0.2,0.2,0.1,0.05
386-8,0,26,School Psychology,,US,0,0.1,0.3,0.5,0.8,0.7,0.7,0.2,0.5,0.7,0.8,0.8,0.9,0.9,0.8,0.8,0.8,0.3,0.4,0.15,0.1,0.3,0.1,0.15,0.2
387-9,0,25,School Psychology,,US,0,0.5,0.5,0.8,0.8,0.6,0.6,0.4,0.3,0.8,0.7,0.7,0.8,0.8,0.7,0.7,0.8,0.2,0.6,0.2,0.15,0.25,0.15,0.15,0.1
388-10,0,24,Counseling Psychology,,US,0,0.7,0.4,0.8,0.7,0.3,0.3,0.5,0.3,0.4,0.7,0.6,0.6,0.7,0.6,0.6,0.6,0.4,0.4,0.22,0.17,0.15,0.15,0.15,0.16
389-11,0,21,Law,,US,0,0.7,0.8,0.5,0.8,0.7,0.7,1,0.2,0.1,1,0.7,0.8,0.8,1,1,0.7,0.8,0.7,0.2,0.3,0.2,0.2,0,0.1
39-20,0,24,Law,Latino,US,0,0.3,0.2,0.4,1,1,0.8,0.7,0.1,0.5,1,0.9,0.9,1,0.9,0.9,1,0.1,0.2,0.2,0.2,0.2,0.15,0.15,0.1
390-12,0,30,Neuroscience and Education,,Hong Kong,0,0.6,0.1,0.6,1,0.6,0.6,0.8,0.1,0.4,1,0.6,0.8,0.8,0.8,0.8,0.4,0.6,0.6,0.1,0.2,0.2,0.1,0.1,0.3
391-13,0,28,Creative Writing,,US,0,0.8,0.1,0.6,0.8,0.6,0.7,0.9,0.1,0.9,0.9,0.1,0.3,0.5,0.5,0.5,0.4,0.2,0.4,0.35,0,0.35,0.1,0.1,0.1
392-14,0,26,Creative Writing - Nonfiction,,US,0,0.4,0.3,0.3,0.9,1,0.9,0.9,0.1,0.3,1,0.6,0.8,1,0.5,1,0.7,0.7,0.3,0.15,0.2,0.15,0.3,0.1,0.1
393-15,0,22,Writing: Literary Nonfiction,,US,0,0.3,0.2,0.3,0.5,0.9,0.9,0.4,0.3,0.4,0.9,0.6,0.7,0.8,0.7,0.7,0.5,0.4,0.6,0.08,0.2,0.25,0.25,0.12,0.1
394-16,0,24,Creative Writing (Nonfiction),,US,0,0.3,0.1,0.4,0.9,0.8,0.8,1,0.1,0.1,1,0.6,0.9,0.9,0.8,0.7,0.7,0.2,0.6,0.18,0.19,0.16,0.15,0.15,0.17
395-17,0,33,NonFiction Writing,,US,1,0.3,0.4,0.4,1,0.8,0.8,0.6,0.1,0.8,0.9,0.3,1,1,0.7,0.9,0.7,0.8,0.4,0.2,0.2,0.2,0.1,0.1,0.2
396-18,0,25,Theatre Management & Producing,,US,0,0.3,0.8,0.7,1,1,1,0.7,0.7,0.7,1,0.9,1,1,1,1,0.7,0.7,0.4,0.15,0.18,0.18,0.18,0.15,0.16
397-1,1,24,Law,,US,0,0.9,0.8,0.8,0.6,0.7,0.7,0.6,0.2,0.6,0.7,0.5,0.7,0.8,0.4,0.7,0.5,0.1,0.6,0.2,0.21,0.21,0.22,0.06,0.1
398-2,1,29,Business (MBA),,Italy,0,0.4,0.1,0.2,1,0.7,0.7,0.9,0.9,0.8,0.7,0.7,0.7,0.9,0.6,0.5,0.6,0.2,0.8,0.45,0.1,0.1,0.3,0,0.05
399-3,1,29,Business,,US,0,0.9,0.2,0.9,0.9,0.9,0.9,0.7,0.3,0.5,0.9,0.1,0.6,0.7,0.8,1,0.3,0.8,0.7,0.25,0.1,0.2,0.2,0.1,0.15
4-4,0,23,Law,European,US,0,0.1,0.1,0.6,0.7,0.6,0.7,0.7,0.5,0.7,0.7,0.7,0.9,0.7,0.8,0.7,0.1,0.8,0.1,0.2,0.2,0.2,0.2,0.1,0.1
40-1,1,25,Operations Research,Asian,US,0,0.4,0.9,0.3,0.7,0.7,0.8,0.5,0.7,0.9,0.7,0.5,0.5,0.8,0.8,1,0.4,0.2,0.3,0.25,0.2,0.25,0.2,0.1,0
400-4,1,26,Business,,Italy,0,0.7,0.4,0.7,0.7,0.6,0.6,0.6,0.1,0.8,0.7,0.1,0.7,0.7,0.6,0.7,0.1,0.1,0.3,0.7,0.05,0.2,0.03,0.01,0.01
401-5,1,31,Business,,Germany,0,1,0.1,0.4,0.8,0.8,0.8,0.8,0.2,0.5,0.5,0.1,0.8,0.8,1,1,0.7,0.3,0.9,0.35,0,0.25,0.2,0,0.2
402-6,1,29,Mathematics,,Korea,1,1,0.2,0.6,0.9,0.6,0.6,0.9,0.7,0.4,0.3,0.3,0.5,0.8,0.4,0.4,0.6,0.9,0.6,0.25,0.2,0.15,0.25,0.1,0.05
403-7,1,22,Financial Engineering,,France,0,0.9,0.8,0.3,0.7,0.4,0.3,0.5,0.3,0.3,0.5,0.6,0.5,0.8,0.3,0.6,0.2,0.1,0.6,0.2,0.25,0.2,0.15,0.05,0.15
404-8,1,23,Financial Engineering,,France,0,1,0.5,0.8,1,0.8,0.8,0.9,0.7,0.9,0.8,0.4,0.5,0.8,0.7,0.8,0.6,0.3,0.7,0.25,0.14,0.25,0.25,0.03,0.08
405-9,1,30,International Affairs,,US,1,0.6,0.1,0.6,0.9,0.8,0.9,0.2,0.6,0.8,0.8,0.6,1,0.9,0.7,0.9,0.9,0.5,0.6,0.3,0.25,0.2,0.15,0.05,0.05
406-10,1,27,Business,,US,0,0.4,0.6,0.8,0.9,0.6,0.7,0.8,0.6,0.6,0.7,0.7,0.8,0.9,0.7,1,0.2,0.1,0.6,0.2,0.2,0.2,0.2,0.2,0
407-11,1,24,Film,,US,1,0.8,0.4,0.7,0.9,0.9,0.9,0.7,0.4,0.2,0.9,0.5,0.7,1,0.9,0.9,0.7,0.7,0.5,0.3,0.15,0.15,0.15,0.15,0.1
408-12,1,24,International Affairs,,US,0,0.7,0.7,0.9,0.8,0.9,0.8,0.3,0.5,0.1,0.6,0.2,0.4,0.8,0.6,1,0.2,0.1,0.6,0.2,0.1,0.2,0.2,0.1,0.2
409-13,1,23,biomedical engineering,,France,0,1,0.4,0.1,0.4,0.7,0.8,1,0.2,0.8,0.7,0.2,0.6,0.8,1,1,0.5,0.2,0.7,0.2,0.15,0.2,0.2,0.1,0.15
41-2,1,30,law,Asian,China,0,0.5,0.5,0.6,0.5,0.5,0.5,0.5,1,0.5,0.6,0.6,0.6,0.6,0.5,0.5,0.5,0.1,0.7,0.3,0.2,0.1,0.3,0,0.1
410-14,1,27,Business,,US,0,1,0.8,0.5,0.8,0.1,0.1,0.8,1,0.1,0.8,0.2,0.2,0.4,0.4,0.5,0.1,0.1,0.5,0.2,0.2,0.2,0.2,0.1,0.1
411-15,1,34,Finance,,US,1,0.7,0.6,0.6,0.7,0.7,0.6,0.3,0.3,0.1,0.8,0.1,0.7,0.6,0.7,1,0.8,0.3,0.3,0.35,0.15,0.15,0.25,0.1,0
412-16,1,27,business,,US,0,1,1,1,0.5,0.8,0.8,0,0.7,0.3,0.8,0.6,0.5,0.5,0.8,0.8,0.4,0.4,0.4,0.75,0.05,0.05,0.05,0.05,0.05
413-17,1,26,business,,US,0,0.6,0.7,0.5,0.7,0.5,0.3,0.5,0.5,0.4,0.6,0.8,0.6,0.9,0.6,0.6,0.7,0,0.8,0.1,0.1,0.3,0.3,0.05,0.15
414-18,1,29,business,,US,0,1,0.5,0.9,0.5,0,0,0.5,0.5,0,0.8,0.7,0,0,0,0.1,0.2,0,0.5,0.95,0.01,0.01,0.01,0.01,0.01
415-19,1,31,MBA,,US,0,0.1,0.1,0.6,0.6,0.7,0.5,0.1,0.1,0.3,1,0.1,0.6,0.6,0.3,0.7,0.1,0.1,0.4,0.1,0.2,0.4,0.1,0.1,0.1
416-1,0,25,Psychology,,US,0,0.4,0.1,0.8,0.8,0.7,0.6,0.6,0.1,0.8,0.7,0.8,0.5,0.7,0.5,1,0.4,0.3,0.3,0.15,0.2,0.3,0.2,0.05,0.1
417-2,0,29,Psychology,,Germany,0,0.6,0.1,0.4,0.5,0.8,0.8,0.8,0.3,0.5,0.7,0.2,0.6,0.7,0.7,0.6,0.3,0.8,0.5,0.2,0.2,0.2,0.1,0.1,0.2
418-3,0,25,Law,,US,0,0.2,0.2,0.5,0.9,0.7,0.8,0.6,0.5,0.6,1,0.8,0.8,1,0.7,0.9,0.7,0.7,0.5,0.15,0.25,0.2,0.15,0.1,0.15
419-4,0,28,Social Work,,US,1,0.6,0.2,0.5,0.8,0.5,0.6,0.5,0.2,0.9,0.9,0.8,0.9,0.9,0.6,0.6,0.4,0.7,0.5,0.05,0.3,0.2,0.1,0.05,0.3
42-3,1,23,Mechanical Engineering,Asian,US,0,0.1,0.1,0.7,0.5,0.3,0.3,0.3,0.1,0.1,0.9,0.8,0.5,0.7,0.2,0.5,0.2,0.1,0.6,0.2,0.25,0.2,0.15,0.1,0.1
420-5,0,22,Social Work,,US,0,0.8,0.4,0.5,1,0.8,0.8,0.7,0.4,0.3,0.9,0.7,0.8,0.7,0.4,0.5,0.6,0.4,0.5,0.1,0.1,0.4,0.1,0.15,0.15
421-6,0,25,Social Work,,US,0,0.1,0.1,0.1,0.8,0.5,0.5,0.1,0.5,0.5,0.5,0.8,1,1,0.5,1,1,0.5,0.7,0.2,0.1,0.3,0.2,0.1,0.1
422-1,1,26,Fundraising Management,,US,0,0.7,0.2,0.8,0.9,0.9,0.9,1,0.2,0.4,0.7,0.5,0.9,0.8,0.6,0.6,0.7,0.9,0.8,0.3,0.25,0.2,0.1,0.1,0.05
423-2,1,30,Business,,Canada,0,0.9,0.2,0.9,0.8,0.7,0.7,0.7,0.6,0.5,0.9,0.5,0.5,0.8,0.7,0.5,0.5,0.4,0.6,0.3,0.2,0.3,0.1,0.05,0.05
424-3,1,24,Biomedical Engineering,,US,0,0.7,0.7,0.7,0.7,0.5,0.5,0.6,0.7,0.5,0.5,0.7,0.5,0.8,0.5,0.7,0.8,0.5,0.6,0.17,0.16,0.17,0.17,0.17,0.16
425-4,1,28,Business (Finance & Marketing),,US,0,0.7,0.8,0.8,0.8,0.7,0.6,0.5,0.2,0.7,0.5,0.5,0.6,0.7,0.5,0.7,0.2,0.2,0.6,0.16,0.25,0.2,0.12,0.12,0.15
426-5,1,24,MBA,,US,0,0.7,0.2,0.7,0.8,0.6,0.4,0.3,0.2,0.6,0.5,0.3,0.7,0.6,0.6,0.6,0.4,0.2,0.7,0.25,0.07,0.35,0.2,0.08,0.05
427-6,1,28,International Affairs,,US,0,1,0.1,1,0.8,0.7,0.7,0.9,0.1,0.3,0.8,0.1,0.4,0.5,0.7,1,0.1,1,0.6,0.2,0.2,0.2,0.2,0.2,0.2
428-7,1,27,MBA,,US,1,0.6,0.5,0.5,0.9,0.6,0.7,0.6,0.5,0.6,0.7,0.5,0.6,0.7,0.5,0.7,0.7,0.3,0.8,0.6,0.1,0.1,0.1,0.1,0
429-8,1,27,Business,,US,0,0.7,0.8,0.8,0.9,0.8,0.8,0.8,0.6,0.7,0.9,0.8,0.8,0.8,0.8,0.8,0.7,0.6,0.7,0.55,0.1,0.15,0.15,0.05,0
43-4,1,24,Economics,European,Spain,0,0.8,0.9,0.6,0.5,0.7,0.7,0.2,0.5,0.5,0.9,0.6,0.7,0.4,0.6,0.5,0.2,0.1,0.3,0.25,0.35,0.3,0.1,0,0
430-1,0,22,Elementary Education - Preservice,,US,0,1,1,1,0.6,0.3,0.2,0.4,0.2,0.4,0.4,0.8,0.9,0.9,0.8,0.8,0.5,0.4,0.5,0.1,0.25,0.15,0.2,0.15,0.15
431-2,0,27,Education Leadership - Public School Administration,,US,0,1,0.9,0.7,1,1,1,1,0.5,0.4,1,0.7,0.7,0.5,0.8,1,1,0.3,0.7,0.15,0.15,0.25,0.15,0.15,0.15
432-3,0,28,Social Work,,US,1,0.2,0.2,0.2,1,1,1,0.7,0.1,0.6,0.6,0.4,0.9,0.8,0.8,0.7,0.5,0.5,0.4,0.15,0.3,0.3,0.1,0.1,0.05
433-4,0,30,MFA Writing,,US,0,0.3,0.3,0.8,0.8,0.8,0.8,0.8,0.1,0.6,0.7,0.5,0.7,0.8,0.5,0.5,0.5,0.3,0.5,0.2,0.2,0.2,0.2,0.1,0.1
434-5,0,27,International Affairs,,US,0,0.4,0.2,0.9,0.6,0.3,0.3,0.3,0.2,0.7,0.2,0.6,0.2,0.2,0.4,0.7,0.8,0.4,0.3,0.3,0.15,0.15,0.3,0,0.1
435-6,0,22,Law,,US,0,0.5,0.5,0.6,0.9,0.8,0.8,0.3,0.2,0.9,0.9,0.1,0.8,0.7,0.9,0.9,1,1,0.5,0.25,0.05,0.2,0.25,0.15,0.1
436-7,0,23,Law,,US,0,0.8,0.5,0.9,1,0.8,0.7,0.8,0.5,0.1,0.9,1,0.8,1,0.6,1,1,0.4,0.5,0.28,0.08,0.17,0.22,0.17,0.08
437-8,0,23,Social Work,,US,0,0.6,0.7,0.7,0.8,0.9,0.9,0.8,0.5,0.6,0.9,0.7,1,1,1,1,0.5,0.6,0.5,0.15,0.15,0.18,0.18,0.14,0.2
438-9,0,23,Social Work,,US,0,0.3,0.1,0.8,0.9,0.5,0.5,0.8,0.4,0.7,0.6,0.5,0.7,0.9,1,0.9,0.8,0.3,0.4,0.14,0.15,0.16,0.17,0.18,0.2
439-10,0,29,Bilingual Education,,US,0,0.8,0.4,0.8,0.9,0.8,0.9,0.6,0.1,0.7,0.9,0.6,0.4,0.9,0.9,0.9,0.6,0.6,0.7,0.2,0.1,0.5,0.05,0.1,0.05
44-5,1,24,Psychology,European,Israel,0,0.9,0.1,0.8,0.7,0.8,0.8,1,0.6,0.7,0.8,0.1,0.7,0.3,0.8,0.1,0.6,0.8,0.7,0.25,0.15,0.25,0.25,0.15,0.15
440-1,1,21,Law,,Italy,0,1,1,1,1,0.7,0.7,0.7,0.3,0.1,0.3,0.5,0.5,1,0.8,1,0.8,0.5,0.7,0.35,0.05,0.3,0.2,0.05,0.05
441-2,1,24,Law,,US,0,0.6,0.1,0.6,0.7,0.7,0.8,0.7,1.4,0.9,0.9,0.8,0.9,1,1,1,0.7,0.2,0.7,0.35,0.1,0.25,0.2,0.05,0.05
442-3,1,25,law,,US,1,0.7,0.1,0.7,0.5,0.1,0.1,0.7,0.1,0.8,0.6,0.1,0.1,0.5,0.3,0.5,0.2,0.1,0.6,0.4,0.1,0,0.45,0,0.05
443-4,1,27,International Affairs - Economic Policy,,US,0,0.9,0.5,0.7,0.8,0.5,0.5,0.5,0.3,0.7,0.6,0.1,0.6,0.7,0.8,0.8,0.4,0.5,0.7,0.3,0.25,0.1,0.2,0,0.15
444-5,1,26,MBA,,US,0,0.8,0.8,0.9,0.2,0.6,0.8,0.6,0.2,0.5,0.2,0.7,0.1,1,0.3,0.5,0.5,0.6,0.3,0.5,0.1,0.1,0.3,0,0
445-6,1,30,SIPA - Energy,,US,0,0.9,0.6,0.8,0.8,0.5,0.3,0.9,0.5,0.9,1,0.5,0.4,1,0.8,0.9,0.5,0.1,0.5,0.4,0.12,0.18,0.12,0.06,0.12
446-7,1,28,MBA,,Colombia,0,0.9,0.2,0.9,0.8,0.8,0.7,0.6,0.3,0.6,0.6,0.5,0.6,0.6,0.5,0.8,0.3,0.3,0.7,0.3,0.2,0.25,0.15,0.1,0
447-8,1,26,Public Policy,,India,0,0.7,0.5,0.6,0.8,0.3,0.2,0.6,0.2,0.5,0.6,0.3,0.4,0.8,0.4,0.9,0.2,0.4,0.3,0.15,0.3,0.25,0.2,0,0.1
448-9,1,22,Law/Business,,US,0,0.3,0.2,0.4,0.9,0.8,0.9,0.3,0.5,0.9,0.7,0.3,0.6,0.7,0.6,1,0.6,0.5,0.3,0.25,0.15,0.25,0.25,0.05,0.05
449-10,1,23,Law,,US,0,0.8,0.2,0.6,0.8,0.7,0.5,0.5,0.3,0.1,0.9,0.7,0.6,0.9,0.2,0.6,0.4,0.1,0.5,0.55,0.02,0.01,0.4,0.01,0.01
45-6,1,28,Finance,European,Switzerland,0,0.9,0.7,0.3,0.6,0.8,0.6,0.6,0.7,0.6,0.6,0.7,0.6,0.7,0.6,0.6,0.6,0.3,0.7,0.25,0.15,0.25,0.15,0,0.2
450-11,1,25,International Affairs,,Singapore,0,0.7,0.3,0.9,0.9,0.9,0.9,0.9,0.9,0.3,0.5,0.7,0.9,1,0.9,1,0.5,1,0.3,0.5,0.05,0.05,0.05,0.05,0.3
451-12,1,30,MBA,,Singapore,0,0.3,0.3,0.2,0.4,0.4,0.3,0.3,0.4,0.3,0.6,0.7,0.5,0.7,0.7,0.8,0.6,0.6,0.3,0.2,0.4,0.05,0.2,0.05,0.1
452-13,1,29,MBA,,Singapore,0,0.9,0.6,0.8,0.7,0.8,0.7,0.8,0.7,0.9,0.8,0.7,0.8,0.9,0.8,1,0.5,0.3,0.7,0.35,0.3,0.25,0.05,0,0.05
453-14,1,27,law,,China,0,0.6,0.3,0.5,0.6,0.6,0.5,0.6,0.5,0.3,0.6,0.6,0.4,0.7,0.6,0.5,0.4,0.1,0.6,0.3,0.3,0.3,0.05,0,0.05
454-1,0,27,MFA  Poetry,,US,0,0.5,0.8,0.5,0.9,0.9,0.9,0.7,0.1,0.4,0.9,0.4,0.9,0.9,0.8,0.8,0.4,0.9,0.5,0.1,0.2,0.2,0.2,0.1,0.2
455-2,0,24,Biomedical Engineering,,India,0,0.3,0.5,0.3,1,1,0.7,0.7,0.1,0.8,1,0.4,0.8,0.9,0.8,0.9,0.9,0.7,0.4,0.1,0.25,0.2,0.16,0.2,0.09
456-3,0,29,Business,,US,0,0.1,0.1,0.8,0.8,0.7,0.7,0.6,0.2,0.8,0.8,0.4,0.7,0.7,0.6,0.6,0.8,0.8,0.2,0.25,0.2,0.15,0.1,0.15,0.15
457-4,0,55,SOA -- writing,,US,0,0.1,0.2,0.1,0.8,0.9,0.9,1,0.1,0.1,1,0.4,0.7,0.3,1,0.8,0.1,0.1,1,0.25,0,0.25,0.25,0,0.25
458-5,0,29,Business,,Hong Kong,0,0.9,0.1,0.6,1,0.8,0.6,0.9,0.3,0.6,0.9,0.7,0.8,0.8,0.4,0.1,1,0.9,0.5,0.5,0.05,0.25,0.2,0,0
459-6,0,26,Finance,,US,0,0.1,0.3,0.1,0.9,0.8,0.9,0.1,0.1,0.6,0.4,0.6,0.8,0.8,0.8,0.8,0.8,0.1,0.5,0.3,0.1,0.1,0.3,0.1,0.1
46-7,1,26,Finanace,European,Italy,0,1,0.7,0.5,0.6,0.7,0.7,0.8,0.3,0.7,0.7,0.4,0.4,0.6,0.5,0.6,0.2,0.7,0.7,0.2,0.35,0.2,0.1,0.1,0.05
460-1,1,33,History,,US,0,0.9,0.7,1,1,1,1,0.8,0.1,0.7,0.9,1,0.6,0.9,1,1,0.1,0.5,0.8,0.2,0.1,0.2,0.15,0.15,0.2
461-2,1,27,biomedical informatics,,India,0,0.9,0.8,0.9,0.9,0.7,0.7,0.9,0.8,0.6,0.2,0.2,0.7,0.6,0.6,0.6,0.4,0.4,0.7,0.4,0.2,0.2,0.1,0.1,0
462-3,1,33,Electrical Engineering,,US,1,0.8,0.7,0.5,0.2,0.6,0.6,0.1,0.2,0.7,0.3,0.8,0.5,0.7,0.6,0.9,0.2,0.2,0.8,0.3,0.3,0.1,0.1,0,0.2
463-4,1,23,physics,,China,0,0.5,0.4,0.7,0.5,0.4,0.3,0.3,0.5,0.4,0.5,0.4,0.4,0.4,0.4,0.7,0.3,0.1,0.5,0.15,0.15,0.15,0.15,0.15,0.25
464-5,1,33,MBA,,Singapore,0,1,0.9,0.6,0.7,0.3,0.3,0.5,0.5,0.9,0.3,0.4,0.6,0.7,0.7,0.7,0.2,0.1,0.5,0.15,0.15,0.15,0.2,0.15,0.2
465-6,1,23,art history,,US,0,0.4,0.8,0.1,0.3,0.8,0.8,0.4,0.1,0.4,0.9,0.2,0.1,0.3,1,1,0.1,0.1,0.4,0.2,0.2,0.2,0.2,0.2,0
466-1,0,24,working,,US,0,0.4,0.2,0.9,0.8,0.5,0.6,0.4,0.3,0.2,0.8,0.5,0.5,0.7,0.6,0.8,0.4,0.2,0.5,0.1,0.2,0.2,0.15,0.2,0.15
467-2,0,24,Consulting,,US,0,0.8,0.4,0.9,0.9,0.9,0.9,0.8,0.5,0.8,0.9,0.8,0.9,0.9,0.9,0.9,0.9,0.9,0.7,0.2,0.2,0.2,0.2,0.2,0
468-3,0,25,Human Rights: Middle East,,US,0,0.8,0.3,0.7,0.7,0.7,0.8,0.8,0.2,0.6,0.8,0.7,0.5,0.9,0.9,0.9,0.7,0.6,0.4,0.15,0.25,0.15,0.15,0.15,0.15
469-4,0,25,Human Rights,,Japan,0,1,0.7,0.7,0.7,0.7,0.7,0.3,0.3,0.4,0.7,0.9,0.7,0.7,0.7,0.8,0.6,0.9,0.4,0.2,0.1,0.2,0.2,0.1,0.2
47-8,1,30,Finance&Economics,European,Italy,0,0.6,0.7,0.2,0.8,0.7,0.6,0.3,0.7,0.4,0.7,0.4,0.5,0.8,0.8,0.7,0.2,0.1,0.8,0.2,0.2,0.25,0.25,0.05,0.05
470-5,0,29,medicine,,US,0,0.1,0.1,0.1,1,1,1,0.2,0.1,0.3,1,0.5,1,1,0.6,0.6,1,0.1,0.4,0.1,0.2,0.25,0.25,0.1,0.1
471-6,0,30,medicine,,US,0,0.3,0.4,0.6,1,0.7,0.7,0.5,0.2,0.9,0.7,0.8,0.6,0.8,0.6,0.6,1,0.4,0.5,0.15,0.15,0.25,0.1,0.15,0.2
472-7,0,25,Urban Planning,,US,0,1,0.6,0.7,0.9,0.9,0.8,0.9,0.1,0.7,0.8,0.1,1,1,1,1,0.5,0.9,0.4,0.1,0.25,0.25,0.2,0.1,0.1
473-8,0,34,Biotechnology,,Belgium,0,0.7,0.5,0.5,0.8,0.8,0.8,0.8,0.6,0.6,0.9,0.8,0.8,0.9,0.9,0.9,0.7,0.7,0.7,0.15,0.2,0.2,0.15,0.15,0.15
474-9,0,30,biotechnology,,US,0,1,0.2,1,1,0.7,0.7,0.9,0.2,0.9,0.8,0.1,0.4,0.3,0.7,1,0.6,0.9,0.9,0.15,0.2,0.1,0.3,0.05,0.2
475-10,0,27,SIPA-International Affairs,,US,0,0.1,0.1,0.6,1,0.6,0.5,0.2,0,0.5,0.4,0.4,0.9,0.8,0.3,0.5,0.6,0.9,0.5,0.1,0.15,0.3,0.1,0.15,0.2
476-11,0,25,SIPA-International Affairs,,US,0,0.4,0.1,0.7,0.9,0.5,0.5,0.4,0.1,0.7,0.3,0.3,0.3,0.3,0.3,0.7,0.6,0.3,0.5,0.2,0.2,0.2,0.15,0.15,0.1
477-12,0,27,Electrical Engineering,,Canada,0,0.9,0.6,0.7,0.8,0.6,0.8,0.8,0.4,0.7,0.7,0.4,0.7,0.8,0.7,0.7,0.6,0.4,0.7,0.16,0.19,0.16,0.17,0.15,0.17
478-14,0,26,International Affairs,,US,0,0.9,0.7,0.9,0.7,0.7,0.9,0.9,0.3,0.3,0.8,0.4,0.7,0.9,0.8,0.9,0.4,0.6,0.4,0.2,0.2,0.1,0.2,0.1,0.2
479-15,0,27,International affairs,,US,0,1,0.7,1,0.9,0.8,0.7,0.9,0.1,0.7,0.5,0.4,0.7,0.7,0.7,0.7,0.7,0.7,0.6,0.15,0.15,0.2,0.2,0.15,0.15
48-9,1,22,Undergrad - GS,European,Israel,0,0.3,0.1,0.6,0.7,0.7,0.8,0.1,0.5,0.8,0.4,0.6,1,1,0.6,0.8,0.6,0.2,0.6,0.3,0.15,0.25,0.25,0.05,0
480-16,0,26,Urban Planning,,US,0,0.7,0.1,0.8,0.9,0.9,0.9,0.3,0.1,0.6,1,0.3,0.3,0.4,0.4,0.4,0.5,0.7,0.4,0.16,0.18,0.18,0.2,0.12,0.16
481-1,1,23,teaching of English,,US,0,0.3,0.3,0.7,0.9,0.8,0.7,0.1,0.2,0.5,0.8,0.2,0.7,1,1,1,0.6,0.1,0.6,0.25,0.2,0.15,0.2,0.05,0.15
482-2,1,30,MBA,,US,0,0.9,0.7,0.5,0.9,0.6,0.5,0.8,0.2,0.5,0.9,0.6,0.7,0.7,0.2,0.4,0.4,0.3,0.4,0.2,0.1,0.22,0.2,0.15,0.13
483-3,1,28,Sociology,,Romania,0,1,0.1,1,1,1,1,0.5,0.1,0.1,1,0.5,1,1,1,1,1,0.5,0.5,0.4,0.2,0.2,0.2,0,0
484-4,1,31,GSAS,,US,0,0.7,0.3,0.5,0.9,0.9,0.9,0.9,0.3,0.7,0.9,0.1,0.9,0.9,0.9,0.9,0.2,0.7,0.6,0.16,0.16,0.2,0.16,0.16,0.16
485-5,1,29,African-American Studies/History,,US,0,0.6,1,0.9,0.7,0.7,0.7,0.4,0.6,0.6,0.9,0.8,0.8,0.8,0.7,0.8,0.7,0.4,0.6,0.2,0.15,0.2,0.15,0.15,0.15
486-6,1,32,Neurosciences/Stem cells,,Colombia,1,0.7,0.1,0.3,1,0.8,0.6,0.4,0.1,0.9,0.8,0.1,0.7,1,0.5,0.8,0.2,0.2,0.8,0.2,0.2,0.2,0.15,0.1,0.15
487-7,1,24,Classics,,US,0,0.4,0.4,0.2,0.8,0.5,0.3,0.2,0.5,0.2,0.7,0.8,0.5,0.9,0.6,1,0.6,0.2,0.5,0.25,0.26,0.15,0.1,0.09,0.15
488-8,1,29,Business,,India,1,0.3,0.3,0.3,0.9,0.5,0.1,0.1,0.1,0.8,0.8,0.8,0.8,0.8,0.8,0.8,0.8,0.3,0.5,0.15,0.2,0.2,0.2,0.05,0.2
489-9,1,28,Business,,Greece,1,0.7,0.7,0.7,0.9,0.9,0.9,0.6,0.9,0.9,0.6,0.6,0.9,0.9,0.9,0.7,0.6,0.5,0.6,0.2,0.1,0.2,0.2,0.2,0
49-10,1,25,Mathematical Finance,Asian,US,0,1,0.7,0.5,0.7,0.6,0.7,0.2,0.8,0.7,0.9,0.5,0.5,0.6,0.5,0.8,0.2,0.7,0.6,0.2,0.2,0.2,0.2,0.05,0.15
490-10,1,29,film,,US,0,0.3,0.1,0.2,0.7,0.7,0.7,0.6,0.2,0.5,0.9,0.9,0.8,1,0.9,0.8,0.7,0.4,0.3,0.3,0.15,0.2,0.1,0.1,0.15
491-11,1,29,MBA,,US,0,0.9,0.2,0.9,0.9,0.9,0.8,0.9,0.7,0.9,0.8,0.2,0.7,0.8,0.8,0.9,0.9,0.6,0.5,0.3,0.1,0.25,0.2,0.08,0.07
492-12,1,30,physics,,US,0,1,1,1,1,1,1,1,0.2,0.4,1,0.7,0.5,0.5,0.2,0.5,1,1,0.7,0.3,0,0.3,0.3,0.1,0
493-13,1,20,Public Administration,,Philippines,0,1,1,0.7,0.7,0.4,0.4,0.3,0.3,0.6,0.7,1,0.8,0.8,0.7,0.7,1,0.6,1,0.3,0.1,0.1,0.3,0.1,0.1
494-14,1,30,journalism,,US,1,0.8,1,0.4,1,1,1,0.1,0.1,0.4,0.8,0.6,0.9,1,0.7,0.8,0.9,1,0.6,0.25,0.25,0.25,0.25,0,0
495-15,1,32,Theater,,US,0,0.7,0.5,0.6,0.7,0.5,0.6,0.7,0.7,0.6,0.5,0.6,0.7,0.7,0.6,0.5,0.5,0.6,0.6,0.2,0.2,0.2,0.15,0.15,0.1
496-1,0,23,Engineering,,US,0,0.8,0.1,0.8,0.7,0.7,0.7,0.8,0.1,0.1,0.7,0.3,0.3,0.3,0.5,0.5,0.5,0.5,0.5,0.2,0.3,0.2,0.2,0.1,0
497-2,0,24,Biology PhD,,US,0,0.7,0.5,0.1,0.8,0.7,0.6,0.7,0.3,0.1,0.7,0.8,0.6,0.9,0.9,0.8,0.8,0.7,0.6,0.1,0.2,0.2,0.2,0.2,0.1
498-3,0,25,biochemistry/genetics,,US,0,0.3,0.1,0.5,0.7,0.3,0.3,0.6,0.6,0.9,0.8,0.9,0.6,0.8,0.8,0.8,0.3,0.1,0.5,0.18,0.18,0.18,0.18,0.18,0.1
499-4,0,26,Biology,,US,0,0.1,0.1,0.1,0.9,0.9,0.9,0.2,0.1,0.8,0.9,0.6,0.8,1,1,1,0.5,0.1,0.4,0.19,0.19,0.19,0.19,0.05,0.19
5-5,0,21,Law,European,US,0,0.7,0.4,0.7,0.7,0.6,0.8,0.6,0.6,0.8,0.6,0.8,0.6,0.6,0.3,0.7,0.8,0.3,0.7,0.2,0.05,0.25,0.25,0.1,0.15
50-11,1,27,Law,Black,US,0,1,1,0.3,0.8,0.5,0.3,0.4,0.3,1,0.5,0.6,0.8,1,0.7,1,0.6,0.2,0.5,0.35,0.1,0.2,0.15,0.1,0.1
500-5,0,25,Epidemiology,,US,0,0.4,0.2,0.6,0.7,0.7,0.7,0.2,0.2,0.7,0.8,0.5,0.7,0.8,0.8,0.8,0.6,0.5,0.6,0.1,0.15,0.35,0.15,0.1,0.15
501-6,0,26,epidemiology,,US,0,0.5,0.4,0.8,0.8,0.9,0.9,0.6,0.1,0.3,0.9,0.7,0.9,0.9,0.9,1,0.7,0.6,0.7,0.3,0.1,0.2,0.1,0.1,0.2
502-1,1,26,Electrical Engineering,,US,0,0.8,0.8,0.9,0.6,0.5,0.5,1,0.9,0.8,0.7,0.8,0.6,0.9,0.5,0.8,0.3,0.4,0.3,0.4,0.2,0.2,0.2,0,0
503-2,1,25,Biology,,US,0,0.2,0.4,0.4,0.8,0.8,0.8,0.7,0.5,0.2,0.6,0.5,0.7,0.8,0.9,0.9,0.7,0.7,0.5,0.3,0.3,0.4,0,0,0
504-4,1,23,Computer Science,,US,0,0.1,0.1,0.2,0.4,0.4,0.4,0.8,0.1,0.3,0.6,0.1,0.5,0.6,0.7,0.7,0.3,0.1,0.7,0.3,0,0.3,0.15,0.15,0.1
505-5,1,27,MFA Creative Writing,,Philippines,1,1,0.6,1,0.5,1,1,0.9,0.7,0.1,1,1,1,1,1,1,1,1,0.6,0.2,0.14,0.18,0.16,0.16,0.16
506-6,1,24,Stats,,US,0,0.6,0.4,0.6,0.7,0.7,0.7,0.8,0.2,0.4,0.9,0.2,0.5,0.5,0.5,0.5,0.2,0.1,0.4,0.15,0.15,0.2,0.15,0.15,0.2
507-7,1,24,Statistics,,US,0,1,0.9,1,0.9,0.9,0.8,0.7,0.4,0.5,0.8,0.5,0.7,0.6,0.6,0.8,0.3,0.2,0.5,0.2,0.2,0.2,0.2,0.2,0
508-8,1,36,math of finance,,US,1,1,0.4,0.7,0.6,0.4,0.4,0.4,0.9,0.7,1,0.3,0.5,0.4,0.7,1,0.4,0.8,0.7,0.18,0.1,0.18,0.18,0.18,0.18
509-1,0,28,journalism,,US,0,0.6,0.3,0.6,0.7,0.7,0.7,0.3,0.3,0.4,0.6,0.4,0.4,0.8,0.5,0.7,0.7,0.7,0.6,0.1,0.2,0.3,0.1,0.1,0.2
51-12,1,23,Law,European,US,0,0.6,0.6,0.7,0.3,0.4,0.3,0.6,0.5,0.4,0.5,0.7,0.1,0.6,0.1,0.2,0.2,0.1,0.3,0.25,0.1,0.35,0.15,0,0.15
510-2,0,26,Business,,Chile,0,0.8,0.1,0.4,1,0.8,0.7,1,0.5,0.7,0.9,0.1,0.3,0.9,0.7,0.5,0.1,0.7,0.5,0.25,0.25,0.25,0.12,0.03,0.1
511-3,0,23,Electrical Engineering,,India,0,0.6,0.5,0.5,0.7,0.8,1,1,0.3,0.9,0.8,0.5,0.8,0.9,0.9,1,0.7,0.8,0.6,0.2,0.1,0.1,0.3,0.15,0.15
512-4,0,,MFA Acting Program,,US,0,0.1,0.1,0.1,0.8,0.9,1,0.8,0,0.9,0.9,0.6,1,0.9,0.7,1,0.5,0.5,0,0.2,0.2,0.2,0.2,0.05,0.15
513-5,0,23,MFA Acting Program,,US,0,0.1,0.1,0.9,0.9,0.9,0.9,0.1,0,0.8,0.9,0.8,0.9,1,0.6,0.8,0.6,0.6,0.2,0.2,0.2,0.2,0.2,0.05,0.15
514-6,0,23,sociology,,US,0,0.5,0.3,0.7,0.7,0.8,1,0.2,0.2,0.1,0.8,0.6,1,0.8,0.9,1,0.6,0.7,0.7,0.2,0.2,0.2,0.15,0.05,0.2
515-7,0,23,Nonfiction writing,,US,0,1,1,0.8,0.9,0.9,0.8,1,0.3,0.8,0.9,0.8,0.9,1,0.7,1,0.5,0.9,0.6,0.2,0.2,0.2,0.15,0.1,0.15
516-8,0,27,Biochemistry & Molecular Biophysics,,US,0,0.3,0.3,0.6,1,0.9,0.9,0.5,0.5,0.8,0.9,0.6,0.9,0.4,0.9,0.9,0.9,0.3,0.2,0.58,0.05,0.08,0.1,0.07,0.12
517-9,0,30,Acting,,Mexico,0,0.2,0.1,0.9,0.9,0.6,0.8,0.4,0.1,0.2,0.9,0.3,1,0.8,0.4,0.4,0.3,0.9,0.3,0.15,0.2,0.2,0.2,0.05,0.1
518-10,0,23,Theater,,US,0,0.4,0.2,0.5,0.8,0.6,0.7,0.5,0.5,0.9,0.9,0.8,0.8,0.8,0.6,0.8,0.9,0.4,0.2,0.2,0.25,0.25,0.3,0.05,0.05
519-11,0,26,Education Policy,,US,0,0.9,0.5,0.9,0.5,0.8,0.7,0.7,0.2,0.3,0.9,0.4,0.7,0.8,0.7,0.8,0.2,0.2,0.6,0.4,0.05,0.3,0.15,0.05,0.05
52-13,1,21,Law,European,US,0,0.8,0.5,0.3,0.6,0.3,0.4,0.3,0.3,0.3,0.3,0.7,0.4,0.6,0.3,0.5,0.4,0.2,0.5,0.15,0.2,0.15,0.3,0.05,0.15
520-12,0,28,Social Work/SIPA,,US,0,0.4,0.6,0.8,0.8,1,0.8,0.5,0.2,0.9,1,0.8,0.9,0.8,0.5,0.5,0.8,0.2,0.5,0.25,0.15,0.25,0.15,0.1,0.1
521-13,0,26,Social Work,,US,0,0.7,0.7,0.8,0.8,0.8,0.8,1,0.7,0.5,0.8,0.6,0.7,0.8,0.8,0.8,0.6,0.6,0.6,0.1,0.3,0.2,0.15,0.15,0.1
522-14,0,22,Law,,US,0,0.6,0.6,0.6,0.7,0.8,0.9,0.3,0.3,0.7,0.9,0.8,1,1,0.7,0.7,0.5,0.3,0.5,0.1,0.2,0.15,0.2,0.15,0.2
523-15,0,27,Education,,China,0,0.8,0.1,0.5,0.9,0.4,0.3,0.6,0.7,0.8,1.3,0.5,0.2,0.7,0.8,0.9,0.3,0.1,0.9,0.1,0.25,0.2,0.2,0.05,0.2
524-16,0,25,medicine,,US,0,0.4,0.1,0.7,0.9,0.8,0.8,0.6,0.3,0.8,0.7,0.7,0.8,0.8,0.5,0.5,0.7,0.5,0.6,0.15,0.2,0.25,0.2,0.1,0.1
525-17,0,24,Public Health,,US,0,0.6,0.2,0.8,0.6,0.5,0.5,0.3,0.2,0.1,0.8,0.8,0.9,1,0.7,0.8,0.8,0.1,0.6,0.1,0.15,0.3,0.2,0.15,0.1
526-18,0,26,Social Work,,US,0,0.2,0.1,0.3,1,1,0.7,0.6,0.5,1,0.8,0.4,1,0.8,0.6,0.8,0.4,1,0.6,0.1,0.1,0.3,0.2,0.1,0.15
527-19,0,24,Social Work,,US,0,0.5,0.5,0.1,0.8,0.7,0.7,0.6,0.2,0.7,0.6,0.6,0.8,0.7,0.8,0.8,0.7,0.6,0.1,0.5,0.2,0.1,0.05,0.1,0.05
528-20,0,29,Social Work,,US,0,0.5,0.8,0.4,0.2,0.2,0.2,0.8,0.6,0.2,0.2,0.2,0.3,0.7,0.3,0.3,0.2,0.2,0.4,0.4,0.1,0.3,0.1,0.1,0
529-21,0,22,Engineering,,Hong Kong,0,0.7,0.4,0.6,1,0.8,0.8,0.8,0.6,0.5,0.5,0.5,0.8,0.8,0.8,0.8,0.4,0.4,0.5,0.1,0.25,0.25,0.1,0.1,0.2
53-14,1,28,Medicine,European,US,0,0.8,0.4,0.3,1,0.9,0.8,0.8,0.4,0.4,0.9,0.5,0.7,0.9,0.9,0.9,0.7,0.3,0.6,0.4,0.15,0.2,0.1,0.05,0.1
530-22,0,22,Mechanical Engineering,,China,0,0.7,1,0.5,0.6,0.3,0.8,0.6,0.7,0.6,0.3,0.5,0.8,1,0.9,1,0.6,0.3,0.8,0.2,0.2,0.1,0.15,0.05,0.3
531-1,1,25,ELECTRICAL ENGINEERING,,China,0,1,1,0.6,0.6,1,1,1,0.6,0.6,0.6,1,1,1,0.8,1,0.1,0.6,0.7,0.15,0.3,0.2,0.2,0.1,0.05
532-2,1,26,Electrical Engineering,,US,0,0.7,0.8,0.6,0.8,0.6,0.4,0.4,0.8,0.6,0.9,0.7,0.6,0.8,0.6,0.7,0.5,0.2,0.6,0.25,0.2,0.2,0.2,0.05,0.1
533-3,1,26,Engineering,,Greece,0,0.7,0.3,0.5,0.7,0.5,0.5,0.7,0.2,0.5,0.3,0.1,0.5,0.7,0.6,0.7,0.2,0.2,0.5,0.25,0.25,0.25,0.13,0.12,0
534-4,1,24,electrical engineering,,Bangladesh,1,0.7,0.9,0.3,0.9,0.9,0.8,0.6,0.7,0.7,0.7,0.3,0.6,0.7,0.8,0.7,0.4,0.1,0.9,0.3,0.3,0.3,0.05,0.02,0.03
535-5,1,23,Biochemistry,,US,0,0.4,0.3,0.4,0.7,0.7,0.6,0.2,0.8,0.8,0.8,0.6,0.6,0.9,0.8,0.9,0.5,0.6,0.6,0.23,0.14,0.19,0.16,0.1,0.18
536-6,1,29,Math,,Italy,0,0.7,0.3,0.5,0.8,0.7,0.7,0.3,0.2,0.7,0.8,0.6,0.4,0.9,0.7,0.9,0.7,0.1,0.8,0.3,0.2,0.2,0.2,0.1,0
537-7,1,22,Electrical Engineering,,US,0,0.6,0.6,0.7,1,0.8,0.8,0.3,0.3,0.6,1,0.8,1,1,1,1,1,0.1,0.7,0.2,0.05,0.25,0.25,0.05,0.2
538-8,1,32,Biomedical engineering,,Iran,0,0.8,0.2,0.8,0.8,0.8,0.8,0.8,0.8,0.6,0.8,0.5,0.4,0.6,0.3,0.6,0.6,0.6,0.6,0.5,0,0.1,0.3,0,0.1
539-9,1,22,Law,,Russia,0,0.8,0.9,0.8,0.9,0.9,0.9,0.4,0.6,0.8,0.8,0.6,0.7,0.9,0.7,0.7,0.7,0.6,0.7,0.3,0.1,0.2,0.15,0.15,0.1
54-15,1,28,MBA,European,US,0,0.5,0.2,0.2,0.8,0.7,0.8,0.8,0.1,0.3,0.7,0.1,0.8,0.6,0.9,0.9,0.1,0.3,0.7,0.4,0.2,0.2,0.2,0,0
540-10,1,24,Industrial Engineering,,Persia,0,0.6,0.4,0.4,0.5,0.7,0.8,0.8,0.9,0.6,0.7,0.4,0.9,0.9,0.9,0.9,0.6,0.3,0.7,0.2,0.15,0.2,0.2,0.15,0.1
541-11,1,23,Industrial Engineering/Operations Research,,Indonesia,1,1,1,0.7,0.8,0.3,0.5,0.4,0.3,0.8,0.3,1,0.5,1,1,0.9,0.9,0.3,0.7,0.4,0.3,0,0.2,0,0.1
542-12,1,23,Masters of Industrial Engineering,,India,0,0.4,0.7,0.6,1,0.9,0.8,0.1,0.8,0.8,0.9,0.8,0.8,0.9,0.9,0.8,0.9,0.6,0.8,0.25,0.15,0.2,0.2,0.1,0.1
543-13,1,24,Electrical Engineering,,US,0,0.8,0.8,0.5,0.8,0.8,0.5,0.5,0.9,0.8,0.8,0.8,0.6,0.8,0.8,0.8,0.8,0.3,0.8,0.2,0.16,0.16,0.17,0.16,0.15
544-14,1,23,Biomedical Engineering,,US,0,0.3,0.4,0.3,1,0.7,0.8,0.5,1.4,0.9,0.2,1,0.7,0.8,0.8,0.9,1,0.3,0.5,0.15,0.25,0.2,0.1,0.1,0.2
545-15,1,24,Biomedical Informatics,,US,0,1,0.2,0.2,0.5,0.5,0.4,0.7,0.5,0.4,0.7,0.4,0.3,0.4,0.5,0.5,0.2,0.1,0.6,0.2,0.2,0.2,0.2,0.1,0.1
546-16,1,30,Business,,Italy,0,1,0.5,0.8,1,0.4,0.3,0.5,0.1,0.1,0.2,0.4,0.3,0.6,0.3,0.9,1,0.6,0.8,0.35,0.1,0.2,0.25,0.05,0.05
547-17,1,30,MBA - Private Equity / Real Estate,,Italy,0,0.9,0.6,0.9,0.7,0.8,0.8,0.2,0.2,0.8,0.9,0.4,0.9,0.8,0.9,0.9,0.6,0.5,0.6,0.25,0.2,0.2,0.2,0,0.15
548-18,1,30,Business,,Germany,0,1,0.8,0.4,1,0.3,0.2,0.2,0.5,0.1,0.9,0.6,0.4,0.6,0.7,1,0.4,0.1,0.7,0.4,0.1,0.2,0.1,0,0.2
549-19,1,28,General management/finance,,Italy,0,0.8,0.5,0.6,0.9,0.7,0.7,0.4,0.8,0.8,0.7,0.7,0.8,0.8,1,1,0.8,0.2,0.5,0.2,0.2,0.2,0.2,0,0.2
55-16,1,23,LAW,Black,US,0,1,0.8,0.4,0.5,0.5,0.4,0.1,0.6,1,0.9,0.7,0.5,1,0.7,1,0.5,0.1,0.7,0.2,0.25,0.25,0.1,0.1,0.1
550-20,1,30,MBA,,England,0,0.5,0.3,0.5,0.9,0.7,0.8,0.3,0.3,0.8,0.8,0.3,0.7,0.7,0.4,0.6,0.6,0.3,0.7,0.3,0.03,0.3,0.3,0.03,0.04
551-21,1,27,Business,,England,0,0.6,0.1,0.7,0.6,0.7,0.3,0.2,0.1,0.7,1,0.2,0.5,0.6,0.7,0.7,0.7,0.1,0.3,0.4,0.2,0.2,0.2,0,0
552-22,1,25,Climate Dynamics,,France,0,0.8,0.2,0.5,1,1,1,0.7,0.1,0.9,0.8,0.3,0.7,0.9,1,1,0.7,0.3,1,0.7,0,0.15,0.15,0,0
56-1,0,23,social work,European,US,0,0.2,0.1,1,1,0.5,0.5,0.2,0.1,0.7,0.6,0.8,0.8,0.7,0.6,0.9,1,0.4,0.3,0.17,0.18,0.18,0.15,0.17,0.15
57-2,0,22,Social Work,European,US,1,0.4,0.4,0.5,0.9,0.9,0.9,0.9,0.1,0.5,0.9,0.9,0.9,0.9,0.9,0.9,0.9,0.9,0.9,0.1,0.2,0.2,0.2,0.15,0.15
58-3,0,,,,US,0,0,0,0,0,0,0,0,0,0,0,0,0,0,0,0,0,0,0,0,0,0,0,0,0
59-4,0,,,,US,0,0,0,0,0,0,0,0,0,0,0,0,0,0,0,0,0,0,0,0,0,0,0,0,0
6-6,0,23,law,Asian,US,0,1,0.8,0.9,0.7,0.8,0.7,0.9,0.2,0.6,0.9,0.2,0.5,0.6,0.6,0.4,0.1,0.1,0.4,0.1,0.25,0.2,0.25,0.05,0.15
60-5,0,29,psychology,,US,1,0.3,0.1,0.9,0.9,0.5,0.5,0.3,0.1,0.5,0.5,0.2,1,0.7,0.6,0.9,0.5,0.5,0.4,0.05,0.2,0.25,0.15,0.15,0.2
61-6,0,28,German Literature,,US,0,0.1,0.1,0.5,1,1,1,0.5,0.1,0.5,1,0.6,1,1,0.8,1,0.8,0.7,0.5,0.15,0.15,0.2,0.15,0.15,0.2
62-7,0,26,law,,US,0,0.8,0.5,0.7,0.8,0.6,0.6,0.7,0.7,0.7,0.7,0.3,0.2,0.9,0.7,0.9,0.9,0.2,0.5,0.3,0.1,0.2,0.2,0.1,0.1
63-8,0,24,Law,,US,1,0.5,0.3,0.8,0.6,0.9,0.8,0.5,0.1,0.2,1,0.1,0.8,0.9,0.4,0.5,0.6,0.2,0.6,0.05,0.15,0.45,0.25,0,0.1
64-9,0,27,Social Work,,US,0,0.8,0.8,0.8,0.8,0.8,0.8,0.9,0.5,0.3,0.8,0.7,0.8,0.8,0.9,0.9,0.8,0.5,0.3,0.1,0.25,0.25,0.1,0.1,0.2
65-10,0,23,Social Work,,US,0,0.7,0.5,0.7,0.8,0.8,0.8,0.8,0.8,0.9,0.8,0.8,0.8,0.9,0.8,0.8,0.9,0.6,0.7,0.17,0.17,0.17,0.17,0.17,0.15
66-1,1,29,Business & International Affairs,,Mexico,0,0.4,0.2,0.3,0.6,0.4,0.3,0.3,0.6,0.4,0.8,0.6,0.4,0.8,0.4,0.6,0.4,0.2,0.5,0.2,0.25,0.15,0.15,0.53,0.2
67-2,1,22,Law,,US,0,0.9,0.9,0.6,0.7,0.6,0.6,0.4,0.4,0.4,0.6,0.6,0.3,0.9,0.9,0.9,0.2,0.1,0.5,0.2,0.15,0.2,0.2,0.05,0.1
68-3,1,27,MFA Creative Writing,,US,0,0.3,0.2,0.2,0.7,0.8,0.8,0.3,0.3,0.7,1,0.7,0.5,0.9,0.7,0.7,0.7,0.1,0.5,0.21,0.17,0.22,0.2,0.08,0.13
69-4,1,28,MBA,,England,0,1,0.7,0.5,0.5,0.3,0.2,0.1,0.3,0.9,0.8,0.2,0.4,0.7,0.6,0.7,0.2,0.1,0.3,0.5,0.1,0.3,0.1,0,0
7-7,0,22,Law,Asian,US,0,0.5,0.3,0.4,1,1,1,0.2,0.3,0.8,0.8,0.8,1,1,1,1,1,1,0.7,0.15,0.15,0.25,0.2,0.15,0.1
70-5,1,26,MBA,,US,0,0.9,0.4,0.9,0.5,0.7,0.5,0.7,0.5,0.5,0.8,0.3,0.7,0.8,0.5,0.8,0.5,0.6,0.3,0.25,0.1,0.2,0.2,0.15,0.1
71-6,1,21,Law,,US,0,0.9,1,0.6,0.4,0.3,0.3,0.7,0.6,0.7,0.7,0.8,0.3,1,0.6,0.8,0.2,0.1,0.9,0.6,0.15,0,0.15,0,0.1
72-7,1,22,Engineering,,US,0,0.8,0.3,0.7,1,0.6,0.6,0.7,0.2,0.9,0.5,0.6,0.7,0.7,0.6,0.8,0.8,0.4,0.7,0.21,0.2,0.19,0.2,0.1,0.1
73-8,1,22,MBA,,US,0,0.9,0.9,0.7,0.6,0.5,0.4,0.4,0.6,0.6,0.5,0.5,0.5,0.7,0.7,0.6,0.4,0.1,0.2,0.3,0.1,0.2,0.3,0,0.1
74-9,1,25,Electrical Engineering,,Spain,0,0.8,0.3,0.5,0.9,1,1,0.9,0.6,0.8,1,0.2,0.9,1,0.8,0.8,0.3,0.5,0.9,0.3,0,0.3,0.3,0.1,0
75-10,1,24,law,,US,0,0.8,0.2,0.8,0.7,0.7,0.7,0.7,0.5,0.9,0.8,0.8,0.5,0.7,0.6,0.8,0.5,0.5,0.5,0.2,0.2,0.2,0.2,0.1,0.1
76-1,0,34,Classics,,US,0,0.1,0.7,0.6,0.8,0.8,0.8,0.5,0.1,0.7,0.7,0.4,0.8,0.8,0.8,0.7,0.7,0.7,0.6,0.1,0.1,0.3,0.2,0.1,0.2
77-2,0,22,Social Work,,US,0,0.7,0.1,1,0.9,0.9,0.9,0.8,0.3,0.6,0.6,0.6,0.8,0.8,1,1,0.7,0.9,0.6,0.15,0.2,0.2,0.2,0.15,0.1
78-3,0,23,Social Work,,US,0,0.5,0.1,0.7,0.7,0.9,0.5,0.9,0.1,0.3,0.9,0.3,0.9,0.9,0.9,0.7,0.5,1,0.7,0.1,0.25,0.2,0.1,0.2,0.15
79-4,0,26,Operations Research (SEAS),,India,0,0.2,0.3,0.2,1,1,1,0.2,0.1,0.7,0.4,0.4,0.9,0.9,0.8,0.8,0.3,0.3,0.5,0.1,0.2,0.15,0.2,0.2,0.15
8-8,0,25,Masters in Public Administration,European,England,0,0.2,0.2,0.1,1,0.9,0.9,0.3,0.2,1,0.8,1,0.9,0.9,0.6,0.6,0.8,0.6,0.6,0.0909,0.1818,0.2727,0.1818,0.1818,0.0909
80-5,0,27,chemistry,,China,0,0.8,0.3,0.7,0.5,0.5,0.4,0.3,0.1,0.5,1,0.9,0.7,0.7,0.7,0.7,0.9,0.2,0.7,0.1,0.2,0.2,0.1,0.2,0.2
81-6,0,28,Journalism,,US,0,0.6,0.2,0.7,0.9,0.9,0.7,0.7,0.1,0.7,0.7,0.7,0.9,0.9,0.7,0.7,0.7,0.4,0.5,0.1,0.1,0.2,0.2,0.2,0.2
82-7,0,25,Elementary/Childhood Education (MA),,US,0,0.5,0.5,0.5,0.8,0.9,1,0.9,0.1,0.7,0.8,0.6,0.8,0.8,0.8,0.9,0.6,0.7,0.7,0.2,0.2,0.2,0.2,0.1,0.1
83-8,0,35,Economics,,Panama,0,0.5,0.1,0.3,0.5,0.7,0.8,0.3,0.1,0.6,0.8,0.3,0.7,0.8,0.7,0.8,0.4,0.7,0.6,0.1,0.32,0.2,0.12,0.11,0.15
84-9,0,32,microbiology,,Spain,0,0.7,0.1,0.9,0.9,0.9,0.9,0.3,0.1,0.9,0.9,0.1,0.9,1,0.9,0.9,0.5,0.5,0.7,0.3,0.3,0.3,0.05,0,0.05
85-10,0,30,Masters of Social Work,,US,0,0.2,0.3,0.4,0.9,0.8,0.6,0.8,0.4,0.7,0.8,0.4,0.6,0.7,0.5,0.8,0.5,0.3,0.4,0.2,0.25,0.15,0.15,0.15,0.1
86-11,0,22,Communications,,US,0,0.2,0.2,0.1,0.4,0.7,0.7,0.2,0.1,0.6,0.4,0.7,0.5,1,1,1,0.2,0.2,0.6,0.15,0.2,0.2,0.2,0.05,0.2
87-12,0,23,Social Work,,US,0,1,0.5,1,0.8,0.7,0.7,0.8,0.4,0.9,0.9,0.6,0.7,1,0.9,1,0.7,0.9,0.4,0.15,0.15,0.2,0.15,0.15,0.2
88-13,0,23,Social Work,,US,0,0.8,0.7,1,0.7,0.7,0.7,0.8,0.6,0.6,1,0.8,0.9,1,0.8,1,0.9,0.3,0.5,0.15,0.15,0.2,0.15,0.2,0.15
89-14,0,27,Marketing,,Israel,0,0.2,0.2,0.2,1,0.8,0.8,0.7,0.8,0.9,0.8,0.1,0.9,0.8,0.8,0.9,0.4,0.2,0.5,0.25,0.15,0.2,0.2,0.2,0
9-9,0,26,Masters in Public Administration,Other,US,0,0.4,0.3,0.1,0.8,0.6,0.7,0.2,0.2,1,0.8,0.8,1,1,0.9,0.9,0.8,0.3,0.6,0.2,0.1,0.2,0.3,0.1,0.1
90-15,0,23,Chemistry,,China,0,0.8,0.9,0.6,0.5,0.8,0.9,0.6,0.3,0.1,1,0.6,0.7,0.8,0.7,0.6,0.4,0.1,0.5,0.15,0.21,0.18,0.18,0.1,0.18
91-16,0,25,Law,,US,0,0.4,0.2,0.5,0.7,0.7,0.5,0.7,0.3,0.5,0.7,0.7,1,0.8,0.8,0.7,0.6,0.2,0.5,0.15,0.03,0.5,0.2,0.02,0.1
92-17,0,29,International Educational Development,,US,0,0.7,0.2,0.8,1,0.9,0.9,0.9,0.2,0.9,1,0.4,1,1,0.8,1,0.6,0.9,0.5,0.1,0.2,0.2,0.2,0.2,0.1
93-18,0,29,Education Administration,,England,0,0.3,0.2,0.6,1,0.7,0.6,0.8,0.7,0.8,0.7,0.5,0.8,0.8,0.6,0.5,0.7,0.6,0.6,0.14,0.2,0.18,0.24,0.18,0.06
94-1,1,28,Business (MBA),,Bangladesh,0,0.7,0.2,0.8,0.8,0.5,0.4,0.4,0.3,0.3,0.9,0.5,0.7,0.9,0.6,0.7,0.4,0.5,0.5,0.2,0.2,0.2,0.1,0.1,0.2
95-2,1,26,Business,,US,0,1,1,0.6,0.6,0.4,0.3,0.1,0.6,0.4,0.7,0.9,0.5,1,0.8,1,0.3,0.3,0.6,0.18,0.18,0.18,0.19,0.13,0.14
96-3,1,26,Computer Science,,US,0,0.5,0.8,0.7,1,1,0.8,1,0.6,0.8,0.8,0.3,0.8,0.9,0.8,0.7,0.7,0.3,0.7,0.1,0.2,0.2,0.22,0.06,0.22
97-4,1,29,Climate-Earth and Environ. Science,,US,0,0.6,0.8,0.8,0.3,0.3,0.3,0.6,0.1,0.5,0.8,0.3,0.2,0.7,0.3,0.7,0.3,0.5,0.5,0.5,0.07,0.2,0.23,0,0
98-5,1,39,Social Work,,US,1,0.8,0.8,0.8,0.7,0.3,0.3,0.5,0.1,0.7,0.7,0.3,0.7,0.8,0.6,0.8,0.2,0.7,0.5,0.4,0.2,0.15,0.2,0,0.05
99-6,1,28,Law,,US,1,0.5,0.5,0.5,0.8,1,1,0.5,0.5,0.9,0.6,0.6,1,1,1,1,0.8,0.5,0.8,0.3,0.3,0.2,0.1,0.1,0
